basin_key,basin_label,reservoir_key,reservoir_label,year,inflow_m3s,outflow_m3s,natural_flow_m3s,useful_volume_pct,min_useful_volume_pct,records
GRANDE,Rio Grande,A. VERMELHA,Agua Vermelha,2000,2065.5031420765026,2038.704918032787,2207.956448087432,49.382732240437164,6.71,366
GRANDE,Rio Grande,A. VERMELHA,Agua Vermelha,2001,1109.3486575342465,1076.0159178082192,1227.8216712328767,23.145643835616436,5.05,365
GRANDE,Rio Grande,A. VERMELHA,Agua Vermelha,2002,1455.3063835616438,1496.8275616438357,1770.9409315068492,61.949643835616435,8.3,365
GRANDE,Rio Grande,A. VERMELHA,Agua Vermelha,2003,1903.859917808219,1907.295589041096,1944.0952876712329,62.131205479452056,6.63,365
GRANDE,Rio Grande,A. VERMELHA,Agua Vermelha,2004,1708.3673497267757,1661.8989071038252,2056.6332513661205,62.8461475409836,13.97,366
GRANDE,Rio Grande,A. VERMELHA,Agua Vermelha,2005,2078.285808219178,2068.9424657534246,2130.454164383562,69.68405479452055,27.56,365
GRANDE,Rio Grande,A. VERMELHA,Agua Vermelha,2006,1953.422109589041,1985.641095890411,1836.0282739726026,51.32983561643835,12.99,365
GRANDE,Rio Grande,A. VERMELHA,Agua Vermelha,2007,2242.539095890411,2268.9671232876713,2350.880575342466,69.07142465753425,13.4,365
GRANDE,Rio Grande,A. VERMELHA,Agua Vermelha,2008,1980.7990163934426,1971.4699453551912,2213.43912568306,54.57382513661202,13.07,366
GRANDE,Rio Grande,A. VERMELHA,Agua Vermelha,2009,2482.3211506849316,2389.884931506849,2686.3404657534247,78.37597260273972,19.43,365
GRANDE,Rio Grande,A. VERMELHA,Agua Vermelha,2010,2262.955589041096,2350.695890410959,2111.848931506849,65.32361643835617,7.42,365
GRANDE,Rio Grande,A. VERMELHA,Agua Vermelha,2011,2263.2020547945203,2220.4575342465755,2447.004191780822,76.83156164383561,22.91,365
GRANDE,Rio Grande,A. VERMELHA,Agua Vermelha,2012,2093.329180327869,2146.5819672131147,1830.9887978142076,53.71379781420765,9.18,366
GRANDE,Rio Grande,A. VERMELHA,Agua Vermelha,2013,1664.696301369863,1623.187095890411,2012.1968767123287,63.85441095890411,16.46,365
GRANDE,Rio Grande,A. VERMELHA,Agua Vermelha,2014,1070.1552876712328,1097.5373424657535,867.2322465753425,21.961808219178085,12.01,365
GRANDE,Rio Grande,A. VERMELHA,Agua Vermelha,2015,926.3022465753425,881.7677534246575,1215.7396712328766,47.677068493150685,13.72,365
GRANDE,Rio Grande,A. VERMELHA,Agua Vermelha,2016,1733.6313934426228,1766.5820765027324,1946.6556830601091,73.53510928961748,26.02,366
GRANDE,Rio Grande,A. VERMELHA,Agua Vermelha,2017,1434.6085753424657,1452.2876712328766,1267.9637260273973,49.773452054794525,7.58,365
GRANDE,Rio Grande,A. VERMELHA,Agua Vermelha,2018,1251.9687397260275,1233.5698630136985,1452.2647397260273,41.32345205479452,9.91,365
GRANDE,Rio Grande,A. VERMELHA,Agua Vermelha,2019,1504.6672356164383,1513.704109589041,1522.2739726027398,33.27821917808219,16.71,365
GRANDE,Rio Grande,A. VERMELHA,Agua Vermelha,2020,1523.0084426229507,1549.2978142076502,1622.7217486338798,33.87724043715847,0.57,366
GRANDE,Rio Grande,A. VERMELHA,Agua Vermelha,2021,993.4613983740275,989.3709863950137,1174.6740810448218,13.411726029232877,4.96999979,365
GRANDE,Rio Grande,A. VERMELHA,Agua Vermelha,2022,1235.5381640290561,1186.8712328767124,1630.0276962489297,38.98030131353091,12.329999923706055,365
GRANDE,Rio Grande,A. VERMELHA,Agua Vermelha,2023,2244.1067703874146,2236.3561643835615,2424.3889073202054,80.38684920219526,42.5,365
GRANDE,Rio Grande,A. VERMELHA,Agua Vermelha,2024,1367.6187282207884,1347.158934379536,1327.6525392792914,49.38713099787144,28.649999618530273,366
GRANDE,Rio Grande,A. VERMELHA,Agua Vermelha,2025,1345.5036493150685,1397.1698630136987,1360.0185205479452,43.05002739726027,17.81,365
GRANDE,Rio Grande,FURNAS,Furnas,2000,873.5870491803279,811.068306010929,886.1234699453552,30.786967213114757,7.8,366
GRANDE,Rio Grande,FURNAS,Furnas,2001,496.5866301369863,445.8602739726027,510.6756164383562,17.923890410958904,12.78,365
GRANDE,Rio Grande,FURNAS,Furnas,2002,678.1128767123288,488.9972602739726,721.7593150684933,68.5767397260274,29.16,365
GRANDE,Rio Grande,FURNAS,Furnas,2003,687.2388767123288,716.0328767123287,710.8229589041096,80.09605479452055,54.69,365
GRANDE,Rio Grande,FURNAS,Furnas,2004,842.7236065573771,647.7540983606557,870.621912568306,88.22647540983607,57.85,366
GRANDE,Rio Grande,FURNAS,Furnas,2005,965.9200547945205,1005.4301369863014,990.1256438356164,91.00479452054795,75.61,365
GRANDE,Rio Grande,FURNAS,Furnas,2006,696.0578904109589,911.0849315068493,717.340109589041,75.42150684931507,38.72,365
GRANDE,Rio Grande,FURNAS,Furnas,2007,897.9208493150685,834.945205479452,928.643397260274,83.04630136986302,47.74,365
GRANDE,Rio Grande,FURNAS,Furnas,2008,937.5975409836066,794.5437158469946,967.3963661202185,83.34163934426229,56.67,366
GRANDE,Rio Grande,FURNAS,Furnas,2009,1171.4124383561643,1134.3205479452056,1196.4903287671232,92.0870410958904,81.97,365
GRANDE,Rio Grande,FURNAS,Furnas,2010,781.153205479452,959.8931506849315,817.9668493150685,79.75260273972603,51.22,365
GRANDE,Rio Grande,FURNAS,Furnas,2011,993.8501369863013,919.7917808219178,1017.1793698630137,84.31180821917809,59.03,365
GRANDE,Rio Grande,FURNAS,Furnas,2012,762.5984972677595,1086.4180327868853,780.597650273224,65.58672131147542,11.29,366
GRANDE,Rio Grande,FURNAS,Furnas,2013,828.9526575342466,625.6849315068494,849.4566575342466,55.9806301369863,12.27,365
GRANDE,Rio Grande,FURNAS,Furnas,2014,275.5441917808219,474.87397260273974,293.6680547945205,27.24041095890411,10.44,365
GRANDE,Rio Grande,FURNAS,Furnas,2015,426.7137260273973,332.7260273972603,448.19646575342466,23.517479452054793,9.65,365
GRANDE,Rio Grande,FURNAS,Furnas,2016,655.6946448087432,566.6092896174863,677.7422677595629,62.8151912568306,30.48,366
GRANDE,Rio Grande,FURNAS,Furnas,2017,378.53024657534246,571.9506849315069,397.3522191780822,32.831917808219174,8.86,365
GRANDE,Rio Grande,FURNAS,Furnas,2018,472.98380821917806,387.3945205479452,494.1828767123288,25.174794520547945,11.64,365
GRANDE,Rio Grande,FURNAS,Furnas,2019,521.180504109589,594.4410958904109,540.8547945205479,35.05260273972603,11.27,365
GRANDE,Rio Grande,FURNAS,Furnas,2020,683.9165027322405,666.8306010928961,707.6469398907104,43.09021857923497,12.51,366
GRANDE,Rio Grande,FURNAS,Furnas,2021,543.8066573836164,475.24657534246575,566.331753307726,26.852438359534247,13.6,365
GRANDE,Rio Grande,FURNAS,Furnas,2022,765.6761899347175,566.5260273972602,788.8937795560654,69.47164369347978,30.06999969482422,365
GRANDE,Rio Grande,FURNAS,Furnas,2023,976.8490677715981,944.8301369863013,1003.0395604799871,90.97712297831497,66.94999694824219,365
GRANDE,Rio Grande,FURNAS,Furnas,2024,540.6573746946991,718.8524590163935,564.206146406997,58.34953540009879,27.459999084472656,366
GRANDE,Rio Grande,FURNAS,Furnas,2025,499.83730410958907,544.0630136986301,524.7181369863014,54.17673972602739,28.71,365
GRANDE,Rio Grande,IGARAPAVA,Igarapava,2000,1002.1934972677595,1002.2868852459017,1063.351393442623,,,366
GRANDE,Rio Grande,IGARAPAVA,Igarapava,2001,534.6648219178082,534.5945205479452,584.4533698630137,,,365
GRANDE,Rio Grande,IGARAPAVA,Igarapava,2002,597.8998630136987,597.9232876712329,836.4852328767123,,,365
GRANDE,Rio Grande,IGARAPAVA,Igarapava,2003,840.7042191780821,840.7041095890411,874.0345479452054,,,365
GRANDE,Rio Grande,IGARAPAVA,Igarapava,2004,811.3655737704918,811.4125683060109,1033.918743169399,,,366
GRANDE,Rio Grande,IGARAPAVA,Igarapava,2005,1123.1377534246576,1123.1260273972603,1135.924301369863,,,365
GRANDE,Rio Grande,IGARAPAVA,Igarapava,2006,1064.3566301369863,1064.3917808219178,880.0647671232878,,,365
GRANDE,Rio Grande,IGARAPAVA,Igarapava,2007,1012.9256712328767,1012.9369863013699,1136.2746301369864,,,365
GRANDE,Rio Grande,IGARAPAVA,Igarapava,2008,993.8450819672131,993.879781420765,1133.5553825136612,,,366
GRANDE,Rio Grande,IGARAPAVA,Igarapava,2009,1344.2005205479452,1344.1424657534246,1391.0879178082193,,,365
GRANDE,Rio Grande,IGARAPAVA,Igarapava,2010,1150.5714520547945,1150.827397260274,987.6712328767123,,,365
GRANDE,Rio Grande,IGARAPAVA,Igarapava,2011,1175.8833698630137,1175.676712328767,1217.2711232876713,,,365
GRANDE,Rio Grande,IGARAPAVA,Igarapava,2012,1323.6431420765027,1323.6775956284152,924.4821038251366,,,366
GRANDE,Rio Grande,IGARAPAVA,Igarapava,2013,877.4784657534246,877.3972602739726,990.4805205479453,,,365
GRANDE,Rio Grande,IGARAPAVA,Igarapava,2014,590.868602739726,590.8219178082192,353.5215890410959,,,365
GRANDE,Rio Grande,IGARAPAVA,Igarapava,2015,431.4172328767124,431.4986301369863,557.4071780821918,,,365
GRANDE,Rio Grande,IGARAPAVA,Igarapava,2016,679.4828688524591,679.5409836065573,828.9912021857924,,,366
GRANDE,Rio Grande,IGARAPAVA,Igarapava,2017,726.7164383561644,726.6,501.7032054794521,,,365
GRANDE,Rio Grande,IGARAPAVA,Igarapava,2018,546.4788219178082,546.7671232876712,637.292602739726,,,365
GRANDE,Rio Grande,IGARAPAVA,Igarapava,2019,762.5077178082191,762.3239726027397,706.6767123287672,,,365
GRANDE,Rio Grande,IGARAPAVA,Igarapava,2020,855.0706557377049,855.1742896174862,874.0654098360656,,,366
GRANDE,Rio Grande,IGARAPAVA,Igarapava,2021,599.7131782863014,599.586301369863,657.9460005249589,,,365
GRANDE,Rio Grande,IGARAPAVA,Igarapava,2022,710.7419176911654,710.8,909.9018378270815,49.92945207177776,4.929999828338623,365
GRANDE,Rio Grande,IGARAPAVA,Igarapava,2023,1194.6057257665348,1194.4895616505244,1214.7090730850011,57.29638336129384,0.0,365
GRANDE,Rio Grande,IGARAPAVA,Igarapava,2024,922.0632460964182,922.155737704918,665.6921032764873,50.38062836042519,7.389999866485596,366
GRANDE,Rio Grande,IGARAPAVA,Igarapava,2025,722.5740356164383,722.4576712328767,632.0632054794521,45.945945205479454,0.0,365
GRANDE,Rio Grande,L. C. BARRETO,Luis Carlos Barreto,2000,935.2516666666667,935.2103825136612,1021.9973224043716,,,366
GRANDE,Rio Grande,L. C. BARRETO,Luis Carlos Barreto,2001,487.1368493150685,485.26849315068495,568.1666301369863,,,365
GRANDE,Rio Grande,L. C. BARRETO,Luis Carlos Barreto,2002,542.2073424657534,542.2356164383561,809.4906301369864,,,365
GRANDE,Rio Grande,L. C. BARRETO,Luis Carlos Barreto,2003,790.1374520547945,790.0520547945206,836.5167671232877,,,365
GRANDE,Rio Grande,L. C. BARRETO,Luis Carlos Barreto,2004,735.3611202185792,737.1010928961749,997.103606557377,,,366
GRANDE,Rio Grande,L. C. BARRETO,Luis Carlos Barreto,2005,1095.2856712328767,1094.0684931506848,1101.7340821917808,,,365
GRANDE,Rio Grande,L. C. BARRETO,Luis Carlos Barreto,2006,1006.8237534246575,1006.0246575342466,843.385205479452,,,365
GRANDE,Rio Grande,L. C. BARRETO,Luis Carlos Barreto,2007,959.5672328767123,961.1369863013699,1088.093397260274,,,365
GRANDE,Rio Grande,L. C. BARRETO,Luis Carlos Barreto,2008,931.8484972677595,929.7568306010929,1096.8276229508197,,,366
GRANDE,Rio Grande,L. C. BARRETO,Luis Carlos Barreto,2009,1268.0247945205479,1271.0684931506848,1345.8864657534245,,,365
GRANDE,Rio Grande,L. C. BARRETO,Luis Carlos Barreto,2010,1067.6282465753425,1066.7561643835616,948.9771780821917,,,365
GRANDE,Rio Grande,L. C. BARRETO,Luis Carlos Barreto,2011,1052.210493150685,1051.1260273972603,1171.3371232876711,,,365
GRANDE,Rio Grande,L. C. BARRETO,Luis Carlos Barreto,2012,1185.4269398907104,1186.896174863388,890.4534426229509,,,366
GRANDE,Rio Grande,L. C. BARRETO,Luis Carlos Barreto,2013,701.927205479452,700.5945205479452,958.154493150685,,,365
GRANDE,Rio Grande,L. C. BARRETO,Luis Carlos Barreto,2014,545.1246575342466,544.9534246575342,339.55306849315065,,,365
GRANDE,Rio Grande,L. C. BARRETO,Luis Carlos Barreto,2015,369.9404383561644,371.2219178082192,532.3677534246575,,,365
GRANDE,Rio Grande,L. C. BARRETO,Luis Carlos Barreto,2016,602.9476775956284,603.5710382513661,793.9601639344262,,,366
GRANDE,Rio Grande,L. C. BARRETO,Luis Carlos Barreto,2017,668.250301369863,666.5287671232877,477.6369589041096,,,365
GRANDE,Rio Grande,L. C. BARRETO,Luis Carlos Barreto,2018,478.9381643835616,478.2246575342466,604.7163287671233,,,365
GRANDE,Rio Grande,L. C. BARRETO,Luis Carlos Barreto,2019,691.5028794520548,692.972602739726,668.2027397260274,,,365
GRANDE,Rio Grande,L. C. BARRETO,Luis Carlos Barreto,2020,788.0637704918033,786.1284153005464,836.2262568306011,,,366
GRANDE,Rio Grande,L. C. BARRETO,Luis Carlos Barreto,2021,540.8501091810684,543.0739726027397,636.2567129892054,,,365
GRANDE,Rio Grande,L. C. BARRETO,Luis Carlos Barreto,2022,638.8975618963373,638.9808219178083,882.571561254214,50.17367125733258,9.829999923706055,365
GRANDE,Rio Grande,L. C. BARRETO,Luis Carlos Barreto,2023,1075.261234314801,1074.2520547945205,1164.8768236970247,52.7694520793549,7.369999885559082,365
GRANDE,Rio Grande,L. C. BARRETO,Luis Carlos Barreto,2024,807.7921070870154,806.568306010929,643.0942619615565,48.712322516519514,7.369999885559082,366
GRANDE,Rio Grande,L. C. BARRETO,Luis Carlos Barreto,2025,610.4569671232877,612.9013698630137,606.4530136986301,53.94550684931507,11.06,365
GRANDE,Rio Grande,MARIMBONDO,Marimbondo,2000,1813.47543715847,1796.5792349726776,1929.3020218579236,48.7594262295082,6.42,366
GRANDE,Rio Grande,MARIMBONDO,Marimbondo,2001,1006.2580273972602,1010.827397260274,1116.7066301369862,17.443315068493153,3.83,365
GRANDE,Rio Grande,MARIMBONDO,Marimbondo,2002,1290.1658904109588,1273.372602739726,1572.2064383561644,58.29093150684931,7.8,365
GRANDE,Rio Grande,MARIMBONDO,Marimbondo,2003,1638.6206301369864,1662.8849315068494,1687.7741095890412,63.25569863013699,5.97,365
GRANDE,Rio Grande,MARIMBONDO,Marimbondo,2004,1577.779180327869,1515.77868852459,1856.7918032786886,64.27543715846996,14.17,366
GRANDE,Rio Grande,MARIMBONDO,Marimbondo,2005,1871.8666849315068,1871.2575342465752,1903.7358356164382,72.58909589041096,33.44,365
GRANDE,Rio Grande,MARIMBONDO,Marimbondo,2006,1757.4763287671233,1745.1287671232876,1617.4661369863013,54.91424657534247,14.17,365
GRANDE,Rio Grande,MARIMBONDO,Marimbondo,2007,1942.8125479452053,2010.7095890410958,2098.8218630136985,68.16945205479452,12.21,365
GRANDE,Rio Grande,MARIMBONDO,Marimbondo,2008,1762.0367486338796,1731.9945355191257,1958.940655737705,57.95581967213115,13.56,366
GRANDE,Rio Grande,MARIMBONDO,Marimbondo,2009,2247.7042739726026,2188.5972602739726,2371.164465753425,74.83331506849315,37.99,365
GRANDE,Rio Grande,MARIMBONDO,Marimbondo,2010,1885.1387397260273,1963.8191780821917,1796.766794520548,58.230657534246575,7.27,365
GRANDE,Rio Grande,MARIMBONDO,Marimbondo,2011,1918.0898082191782,1902.158904109589,2069.1741643835617,70.33202739726028,26.4,365
GRANDE,Rio Grande,MARIMBONDO,Marimbondo,2012,1809.576693989071,1840.1120218579235,1560.319344262295,49.644590163934424,9.24,366
GRANDE,Rio Grande,MARIMBONDO,Marimbondo,2013,1452.6350684931508,1414.0821917808219,1747.145589041096,59.305506849315066,16.7,365
GRANDE,Rio Grande,MARIMBONDO,Marimbondo,2014,850.7651232876713,889.6191780821918,672.4952876712329,18.990438356164383,8.73,365
GRANDE,Rio Grande,MARIMBONDO,Marimbondo,2015,832.9410684931506,753.8219178082192,1029.0053698630138,44.97709589041096,11.3,365
GRANDE,Rio Grande,MARIMBONDO,Marimbondo,2016,1447.738442622951,1466.5983606557377,1661.9034972677598,73.53890710382514,38.45,366
GRANDE,Rio Grande,MARIMBONDO,Marimbondo,2017,1189.589397260274,1223.1890410958904,1042.6082191780822,50.468931506849316,6.96,365
GRANDE,Rio Grande,MARIMBONDO,Marimbondo,2018,1013.716794520548,1004.5780821917808,1191.7258356164384,46.716273972602735,9.44,365
GRANDE,Rio Grande,MARIMBONDO,Marimbondo,2019,1276.468194520548,1304.613698630137,1305.4712328767123,50.25764383561644,14.07,365
GRANDE,Rio Grande,MARIMBONDO,Marimbondo,2020,1320.0511748633878,1330.9262295081967,1418.7747267759562,39.44606557377049,2.73,366
GRANDE,Rio Grande,MARIMBONDO,Marimbondo,2021,871.9438347935891,877.3123287671233,1041.3240266448493,13.485698634684933,6.5,365
GRANDE,Rio Grande,MARIMBONDO,Marimbondo,2022,1146.2780007558326,1086.1561643835616,1470.4165734696062,47.030493124870404,10.869999885559082,365
GRANDE,Rio Grande,MARIMBONDO,Marimbondo,2023,1996.0951793931936,2002.2849315068493,2159.1765507946275,74.299287425002,42.970001220703125,365
GRANDE,Rio Grande,MARIMBONDO,Marimbondo,2024,1254.2570588992594,1204.6530054644809,1160.969126049938,48.0746174067096,26.059999465942383,366
GRANDE,Rio Grande,MARIMBONDO,Marimbondo,2025,1102.4937726027397,1183.3917808219178,1171.622602739726,50.6002191780822,19.99,365
GRANDE,Rio Grande,P. COLOMBIA,Porto Colombia,2000,1216.7501092896175,1217.379781420765,1306.6999453551912,,,366
GRANDE,Rio Grande,P. COLOMBIA,Porto Colombia,2001,597.587205479452,594.8904109589041,679.1998082191781,,,365
GRANDE,Rio Grande,P. COLOMBIA,Porto Colombia,2002,730.1481369863014,732.213698630137,983.7137808219179,,,365
GRANDE,Rio Grande,P. COLOMBIA,Porto Colombia,2003,1071.5905753424659,1071.0630136986301,1088.6054520547946,,,365
GRANDE,Rio Grande,P. COLOMBIA,Porto Colombia,2004,1004.1559289617486,1004.068306010929,1251.6021584699454,,,366
GRANDE,Rio Grande,P. COLOMBIA,Porto Colombia,2005,1329.4230958904109,1328.8082191780823,1327.214191780822,,,365
GRANDE,Rio Grande,P. COLOMBIA,Porto Colombia,2006,1270.699397260274,1267.4849315068493,1094.9785753424658,,,365
GRANDE,Rio Grande,P. COLOMBIA,Porto Colombia,2007,1278.479205479452,1281.4739726027397,1401.7730136986302,,,365
GRANDE,Rio Grande,P. COLOMBIA,Porto Colombia,2008,1192.8876775956285,1191.7021857923498,1358.6527322404372,,,366
GRANDE,Rio Grande,P. COLOMBIA,Porto Colombia,2009,1562.6489315068493,1567.1780821917807,1647.2604657534246,,,365
GRANDE,Rio Grande,P. COLOMBIA,Porto Colombia,2010,1330.4904657534248,1324.158904109589,1203.2689315068492,,,365
GRANDE,Rio Grande,P. COLOMBIA,Porto Colombia,2011,1363.6748493150685,1364.690410958904,1475.5365205479452,,,365
GRANDE,Rio Grande,P. COLOMBIA,Porto Colombia,2012,1380.3125136612023,1382.5054644808743,1094.5536612021858,,,366
GRANDE,Rio Grande,P. COLOMBIA,Porto Colombia,2013,918.4768493150684,919.7945205479452,1170.4346301369862,,,365
GRANDE,Rio Grande,P. COLOMBIA,Porto Colombia,2014,647.1057808219177,647.3150684931506,431.17043835616437,,,365
GRANDE,Rio Grande,P. COLOMBIA,Porto Colombia,2015,545.7530136986302,543.654794520548,691.1762739726028,,,365
GRANDE,Rio Grande,P. COLOMBIA,Porto Colombia,2016,874.2020765027323,875.4726775956284,1034.2716393442622,,,366
GRANDE,Rio Grande,P. COLOMBIA,Porto Colombia,2017,827.3444931506849,827.7397260273973,633.7670958904109,,,365
GRANDE,Rio Grande,P. COLOMBIA,Porto Colombia,2018,688.7033424657534,686.2849315068493,808.9456164383562,,,365
GRANDE,Rio Grande,P. COLOMBIA,Porto Colombia,2019,918.2650904109588,917.3424657534247,895.6,,,365
GRANDE,Rio Grande,P. COLOMBIA,Porto Colombia,2020,1004.8209836065573,1009.8770491803278,1059.5298087431693,,,366
GRANDE,Rio Grande,P. COLOMBIA,Porto Colombia,2021,648.8991777495343,646.8219178082192,761.5681913608767,,,365
GRANDE,Rio Grande,P. COLOMBIA,Porto Colombia,2022,805.3609308112158,804.7013698630137,1074.7474541651059,52.67430128332687,24.920000076293945,365
GRANDE,Rio Grande,P. COLOMBIA,Porto Colombia,2023,1385.3107641768781,1385.0904109589042,1482.141286520762,64.75389034323496,25.479999542236328,365
GRANDE,Rio Grande,P. COLOMBIA,Porto Colombia,2024,948.2460701530748,946.8879781420765,799.8287177164046,64.76270482839783,34.2400016784668,366
GRANDE,Rio Grande,P. COLOMBIA,Porto Colombia,2025,760.3150575342465,763.172602739726,767.9188219178083,60.866191780821914,29.49,365
GRANDE,Rio Grande,VOLTA GRANDE,Volta Grande,2000,1050.8621311475408,1050.6092896174864,1134.4397267759564,,,366
GRANDE,Rio Grande,VOLTA GRANDE,Volta Grande,2001,543.2610410958904,543.5150684931507,612.9224657534247,,,365
GRANDE,Rio Grande,VOLTA GRANDE,Volta Grande,2002,618.7582191780822,619.8109589041096,881.360493150685,,,365
GRANDE,Rio Grande,VOLTA GRANDE,Volta Grande,2003,894.9247123287672,892.9205479452055,938.1896438356164,,,365
GRANDE,Rio Grande,VOLTA GRANDE,Volta Grande,2004,845.6841256830602,843.9699453551913,1098.4857923497268,,,366
GRANDE,Rio Grande,VOLTA GRANDE,Volta Grande,2005,1178.215397260274,1180.3780821917808,1193.6750684931508,,,365
GRANDE,Rio Grande,VOLTA GRANDE,Volta Grande,2006,1107.1547123287671,1106.0767123287671,943.0704383561645,,,365
GRANDE,Rio Grande,VOLTA GRANDE,Volta Grande,2007,1073.8850136986302,1073.5677808219177,1215.39101369863,,,365
GRANDE,Rio Grande,VOLTA GRANDE,Volta Grande,2008,1020.3843169398906,1020.9535519125683,1198.683961748634,,,366
GRANDE,Rio Grande,VOLTA GRANDE,Volta Grande,2009,1362.5263287671232,1362.0191780821917,1466.9524383561645,,,365
GRANDE,Rio Grande,VOLTA GRANDE,Volta Grande,2010,1126.3657808219177,1128.268602739726,1051.6491506849316,,,365
GRANDE,Rio Grande,VOLTA GRANDE,Volta Grande,2011,1143.776082191781,1144.7671232876712,1293.7679452054795,,,365
GRANDE,Rio Grande,VOLTA GRANDE,Volta Grande,2012,1219.7979781420765,1218.620218579235,978.9151366120219,,,366
GRANDE,Rio Grande,VOLTA GRANDE,Volta Grande,2013,851.0946027397262,850.0164383561644,1044.1055068493151,,,365
GRANDE,Rio Grande,VOLTA GRANDE,Volta Grande,2014,654.6323287671232,656.5205479452055,376.10063013698635,,,365
GRANDE,Rio Grande,VOLTA GRANDE,Volta Grande,2015,507.5929589041096,507.2219178082192,599.2641369863014,,,365
GRANDE,Rio Grande,VOLTA GRANDE,Volta Grande,2016,800.3793442622951,801.9672131147541,886.6396721311476,,,366
GRANDE,Rio Grande,VOLTA GRANDE,Volta Grande,2017,813.7046301369863,809.3643835616439,541.7161917808219,,,365
GRANDE,Rio Grande,VOLTA GRANDE,Volta Grande,2018,624.2061095890411,625.3095890410959,691.8319178082191,,,365
GRANDE,Rio Grande,VOLTA GRANDE,Volta Grande,2019,864.3711205479451,866.6971506849316,769.6849315068494,,,365
GRANDE,Rio Grande,VOLTA GRANDE,Volta Grande,2020,967.3534426229508,966.045737704918,938.402868852459,,,366
GRANDE,Rio Grande,VOLTA GRANDE,Volta Grande,2021,653.7260559883014,653.2821917808219,692.312409784822,,,365
GRANDE,Rio Grande,VOLTA GRANDE,Volta Grande,2022,791.2923007912832,790.4054794520548,957.2907105328286,53.291123105401866,30.700000762939453,365
GRANDE,Rio Grande,VOLTA GRANDE,Volta Grande,2023,1237.8768777925675,1240.2075069897796,1293.4629061764233,57.77989033215666,25.81999969482422,365
GRANDE,Rio Grande,VOLTA GRANDE,Volta Grande,2024,970.6079166599961,969.2322404371585,705.4198078092982,45.78931706329512,29.899999618530273,366
GRANDE,Rio Grande,VOLTA GRANDE,Volta Grande,2025,758.3730739726028,760.9123287671233,672.0758356164383,64.05627397260274,33.09,365
PARANA,Rio Parana / Jupia,I. SOLTEIRA,Ilha Solteira,2000,5285.4795901639345,5119.642076502732,5684.692076502733,53.06404371584699,6.58,366
PARANA,Rio Parana / Jupia,I. SOLTEIRA,Ilha Solteira,2001,3477.134630136986,3617.432876712329,3693.0751780821915,32.30350684931507,13.26,365
PARANA,Rio Parana / Jupia,I. SOLTEIRA,Ilha Solteira,2002,4302.84509589041,4345.334109589041,4869.448465753425,75.0750684931507,47.4,365
PARANA,Rio Parana / Jupia,I. SOLTEIRA,Ilha Solteira,2003,4822.606273972603,4824.341698630137,5081.815589041095,74.68106849315069,42.82,365
PARANA,Rio Parana / Jupia,I. SOLTEIRA,Ilha Solteira,2004,4960.695792349727,4941.126666666667,5747.445218579235,74.82904371584699,45.8,366
PARANA,Rio Parana / Jupia,I. SOLTEIRA,Ilha Solteira,2005,5586.619506849315,5580.904109589041,5813.754082191781,68.66205479452056,40.25,365
PARANA,Rio Parana / Jupia,I. SOLTEIRA,Ilha Solteira,2006,5955.694630136986,5958.198547945206,6240.446136986301,68.444,46.43,365
PARANA,Rio Parana / Jupia,I. SOLTEIRA,Ilha Solteira,2007,6483.4856438356155,6512.052136986301,6367.7495068493145,70.01353424657533,42.83,365
PARANA,Rio Parana / Jupia,I. SOLTEIRA,Ilha Solteira,2008,5545.494726775956,5516.650273224043,5996.02349726776,72.03199453551912,38.87,366
PARANA,Rio Parana / Jupia,I. SOLTEIRA,Ilha Solteira,2009,5412.94498630137,5415.8,6265.937698630137,70.21432876712329,48.23,365
PARANA,Rio Parana / Jupia,I. SOLTEIRA,Ilha Solteira,2010,5804.1850958904115,5793.079452054794,5317.085917808219,70.54202739726027,44.83,365
PARANA,Rio Parana / Jupia,I. SOLTEIRA,Ilha Solteira,2011,5577.031616438357,5585.994520547945,6456.633095890411,77.61065753424657,49.84,365
PARANA,Rio Parana / Jupia,I. SOLTEIRA,Ilha Solteira,2012,5209.2769945355185,5233.833333333333,4812.283852459016,69.85150273224045,46.63,366
PARANA,Rio Parana / Jupia,I. SOLTEIRA,Ilha Solteira,2013,4218.064767123287,4522.591780821917,5037.742931506849,69.73194520547945,45.83,365
PARANA,Rio Parana / Jupia,I. SOLTEIRA,Ilha Solteira,2014,3583.7526027397257,3844.213698630137,3178.2460273972606,15.529479452054796,0.0,365
PARANA,Rio Parana / Jupia,I. SOLTEIRA,Ilha Solteira,2015,3279.3318630136982,3241.5780821917806,3737.3007671232876,0.0,0.0,365
PARANA,Rio Parana / Jupia,I. SOLTEIRA,Ilha Solteira,2016,3879.9917213114754,3994.8733060109284,4394.556885245902,76.9779781420765,0.0,366
PARANA,Rio Parana / Jupia,I. SOLTEIRA,Ilha Solteira,2017,3466.0252602739724,3674.512328767123,3494.5853698630135,70.76608219178082,46.23,365
PARANA,Rio Parana / Jupia,I. SOLTEIRA,Ilha Solteira,2018,3551.3566575342466,3723.545205479452,4177.20501369863,78.172301369863,50.65,365
PARANA,Rio Parana / Jupia,I. SOLTEIRA,Ilha Solteira,2019,3768.752038356164,3823.8876712328765,3958.5260273972603,70.0358904109589,52.26,365
PARANA,Rio Parana / Jupia,I. SOLTEIRA,Ilha Solteira,2020,3983.162704918033,3993.1092896174864,4266.446202185793,61.568688524590165,46.23,366
PARANA,Rio Parana / Jupia,I. SOLTEIRA,Ilha Solteira,2021,2541.765066734082,2928.7041095890413,3191.549391655671,33.59679452421918,0.0,365
PARANA,Rio Parana / Jupia,I. SOLTEIRA,Ilha Solteira,2022,3135.605588479238,3043.0164383561646,4121.116253076841,51.274109490930215,0.0,365
PARANA,Rio Parana / Jupia,I. SOLTEIRA,Ilha Solteira,2023,4209.278578499572,4469.583561643835,5002.321241237692,75.69328736605709,49.439998626708984,365
PARANA,Rio Parana / Jupia,I. SOLTEIRA,Ilha Solteira,2024,3454.1205254226434,3429.5601092896177,3599.2217518957586,71.91803293280263,54.88999938964844,366
PARANA,Rio Parana / Jupia,I. SOLTEIRA,Ilha Solteira,2025,3399.54881369863,3481.001589041096,3631.5437534246576,65.32241095890411,53.88,365
PARANA,Rio Parana / Jupia,ILHA + T. IRMAOS,Ilha Solteira + Tres Irmaos,2022,3566.9794948630138,3228.8939727365155,4666.709220489084,46.83912323268309,-54.650001525878906,365
PARANA,Rio Parana / Jupia,ILHA + T. IRMAOS,Ilha Solteira + Tres Irmaos,2023,5153.839732047303,5151.035616438357,5833.510465271832,76.54843834654926,51.619998931884766,365
PARANA,Rio Parana / Jupia,ILHA + T. IRMAOS,Ilha Solteira + Tres Irmaos,2024,4001.2309223446036,3959.117486338798,4086.6872201721526,61.0797813394682,-146.4600067138672,366
PARANA,Rio Parana / Jupia,ILHA + T. IRMAOS,Ilha Solteira + Tres Irmaos,2025,4063.5848904109594,4057.6969863013696,4170.196,57.24805479452055,-150.6,365
PARANA,Rio Parana / Jupia,JUPIA,Jupia,2000,6447.953551912568,6448.051912568306,7054.498360655737,,,366
PARANA,Rio Parana / Jupia,JUPIA,Jupia,2001,4477.901369863013,4477.731506849315,4944.172465753424,,,365
PARANA,Rio Parana / Jupia,JUPIA,Jupia,2002,5662.919342465753,5663.123424657534,6208.179671232877,,,365
PARANA,Rio Parana / Jupia,JUPIA,Jupia,2003,6065.205890410959,6062.530876712329,6343.011561643836,,,365
PARANA,Rio Parana / Jupia,JUPIA,Jupia,2004,6040.362704918033,6041.290437158469,7011.178196721312,,,366
PARANA,Rio Parana / Jupia,JUPIA,Jupia,2005,6785.519506849316,6784.58904109589,7226.699013698631,,,365
PARANA,Rio Parana / Jupia,JUPIA,Jupia,2006,7166.2593150684925,7167.3957808219175,7420.565863013699,,,365
PARANA,Rio Parana / Jupia,JUPIA,Jupia,2007,7695.275643835616,7695.8924931506845,7702.963287671233,,,365
PARANA,Rio Parana / Jupia,JUPIA,Jupia,2008,6757.5674863387985,6756.439890710382,7213.570109289618,,,366
PARANA,Rio Parana / Jupia,JUPIA,Jupia,2009,6865.304739726027,6864.580821917808,7710.32210958904,,,365
PARANA,Rio Parana / Jupia,JUPIA,Jupia,2010,7413.001698630137,7413.991780821918,6969.899561643835,,,365
PARANA,Rio Parana / Jupia,JUPIA,Jupia,2011,7398.672136986302,7397.331506849315,8136.535397260273,,,365
PARANA,Rio Parana / Jupia,JUPIA,Jupia,2012,6791.869508196722,6793.103825136612,6168.483825136612,,,366
PARANA,Rio Parana / Jupia,JUPIA,Jupia,2013,5568.212383561644,5568.520547945205,6399.792520547945,,,365
PARANA,Rio Parana / Jupia,JUPIA,Jupia,2014,4675.900383561643,4674.043835616439,4046.195205479452,,,365
PARANA,Rio Parana / Jupia,JUPIA,Jupia,2015,4158.774849315068,4160.323287671233,4919.665863013699,,,365
PARANA,Rio Parana / Jupia,JUPIA,Jupia,2016,5290.744453551913,5291.256147540984,5886.0117759562845,,,366
PARANA,Rio Parana / Jupia,JUPIA,Jupia,2017,4915.211863013699,4913.978082191781,4851.922739726027,,,365
PARANA,Rio Parana / Jupia,JUPIA,Jupia,2018,4807.070849315069,4808.405479452054,5310.408575342465,,,365
PARANA,Rio Parana / Jupia,JUPIA,Jupia,2019,4816.894208219178,4819.734246575343,4999.443835616438,,,365
PARANA,Rio Parana / Jupia,JUPIA,Jupia,2020,4971.242267759562,4971.743169398907,5187.918825136612,,,366
PARANA,Rio Parana / Jupia,JUPIA,Jupia,2021,3625.8920257652608,3621.1123287671235,3918.821006127617,,,365
PARANA,Rio Parana / Jupia,JUPIA,Jupia,2022,3620.8452101616012,3622.7013698630135,4985.863742107234,87.23326004237344,72.86000061035156,365
PARANA,Rio Parana / Jupia,JUPIA,Jupia,2023,5538.828296232877,5538.419178082192,6185.002503611943,86.09652032721533,66.61000061035156,365
PARANA,Rio Parana / Jupia,JUPIA,Jupia,2024,4308.959808182846,4310.8879781420765,4385.498000181437,88.97811447727224,71.12000274658203,366
PARANA,Rio Parana / Jupia,JUPIA,Jupia,2025,4382.622835616438,4378.216438356164,4479.826684931507,89.5658904109589,72.86,365
PARANA,Rio Parana / Jupia,PORTO PRIMAVERA,Porto Primavera,2000,7411.978142076503,7416.61475409836,8034.689262295082,,,366
PARANA,Rio Parana / Jupia,PORTO PRIMAVERA,Porto Primavera,2001,5468.460273972602,5220.816438356164,5951.732630136987,,,365
PARANA,Rio Parana / Jupia,PORTO PRIMAVERA,Porto Primavera,2002,6577.420684931506,6565.759835616438,7179.002684931507,,,365
PARANA,Rio Parana / Jupia,PORTO PRIMAVERA,Porto Primavera,2003,6890.230219178082,6890.229863013698,7205.915726027398,,,365
PARANA,Rio Parana / Jupia,PORTO PRIMAVERA,Porto Primavera,2004,6835.018005464481,6833.069726775956,7801.187978142076,,,366
PARANA,Rio Parana / Jupia,PORTO PRIMAVERA,Porto Primavera,2005,7565.956027397261,7564.65205479452,8052.951643835617,,,365
PARANA,Rio Parana / Jupia,PORTO PRIMAVERA,Porto Primavera,2006,8145.443616438356,8140.869068493151,8410.88690410959,,,365
PARANA,Rio Parana / Jupia,PORTO PRIMAVERA,Porto Primavera,2007,8634.778383561643,8640.657205479452,8703.974328767123,,,365
PARANA,Rio Parana / Jupia,PORTO PRIMAVERA,Porto Primavera,2008,7614.590765027323,7613.289617486339,8063.456202185793,,,366
PARANA,Rio Parana / Jupia,PORTO PRIMAVERA,Porto Primavera,2009,7794.695123287672,7789.46301369863,8683.601178082192,,,365
PARANA,Rio Parana / Jupia,PORTO PRIMAVERA,Porto Primavera,2010,8581.284958904109,8582.232876712329,8170.90898630137,,,365
PARANA,Rio Parana / Jupia,PORTO PRIMAVERA,Porto Primavera,2011,8538.313123287671,8539.62191780822,9313.250684931507,,,365
PARANA,Rio Parana / Jupia,PORTO PRIMAVERA,Porto Primavera,2012,7637.4172950819675,7641.325136612022,7061.956502732241,,,366
PARANA,Rio Parana / Jupia,PORTO PRIMAVERA,Porto Primavera,2013,6534.414438356164,6533.109589041096,7397.863698630137,,,365
PARANA,Rio Parana / Jupia,PORTO PRIMAVERA,Porto Primavera,2014,5534.414219178082,5515.34794520548,4923.562328767123,,,365
PARANA,Rio Parana / Jupia,PORTO PRIMAVERA,Porto Primavera,2015,5137.961863013699,5148.5150684931505,5936.658191780823,,,365
PARANA,Rio Parana / Jupia,PORTO PRIMAVERA,Porto Primavera,2016,6543.294590163934,6541.983606557377,7180.4019945355185,,,366
PARANA,Rio Parana / Jupia,PORTO PRIMAVERA,Porto Primavera,2017,6025.612301369863,6027.583561643835,5838.40191780822,,,365
PARANA,Rio Parana / Jupia,PORTO PRIMAVERA,Porto Primavera,2018,5859.398739726027,5857.427397260274,6398.519479452055,,,365
PARANA,Rio Parana / Jupia,PORTO PRIMAVERA,Porto Primavera,2019,5669.853917808219,5684.242465753425,5820.3452054794525,,,365
PARANA,Rio Parana / Jupia,PORTO PRIMAVERA,Porto Primavera,2020,5700.829316939891,5697.581967213115,5877.346721311475,,,366
PARANA,Rio Parana / Jupia,PORTO PRIMAVERA,Porto Primavera,2021,4245.05235236537,4236.54794520548,4549.039483037699,,,365
PARANA,Rio Parana / Jupia,PORTO PRIMAVERA,Porto Primavera,2022,4261.627149106378,4270.783561643836,5636.40600385274,97.49043916414861,7.949999809265137,365
PARANA,Rio Parana / Jupia,PORTO PRIMAVERA,Porto Primavera,2023,6358.637350171233,6360.58904109589,7100.2156002514985,52.148575401306154,-7.949999809265137,365
PARANA,Rio Parana / Jupia,PORTO PRIMAVERA,Porto Primavera,2024,4858.775587405012,4852.275956284153,4934.288795679645,67.93595657973994,-27.780000686645508,366
PARANA,Rio Parana / Jupia,PORTO PRIMAVERA,Porto Primavera,2025,4996.607841095891,4990.057534246575,5144.452684931507,86.44879452054795,0.0,365
PARANAIBA,Rio Paranaiba,BATALHA,Batalha,2000,,,101.64942622950821,,,366
PARANAIBA,Rio Paranaiba,BATALHA,Batalha,2001,,,56.520438356164384,,,365
PARANAIBA,Rio Paranaiba,BATALHA,Batalha,2002,,,86.10205479452055,,,365
PARANAIBA,Rio Paranaiba,BATALHA,Batalha,2003,,,95.50835616438357,,,365
PARANAIBA,Rio Paranaiba,BATALHA,Batalha,2004,,,131.1299180327869,,,366
PARANAIBA,Rio Paranaiba,BATALHA,Batalha,2005,,,125.20534246575342,,,365
PARANAIBA,Rio Paranaiba,BATALHA,Batalha,2006,,,136.95986301369862,,,365
PARANAIBA,Rio Paranaiba,BATALHA,Batalha,2007,,,150.24794520547945,,,365
PARANAIBA,Rio Paranaiba,BATALHA,Batalha,2008,,,96.90502732240437,,,366
PARANAIBA,Rio Paranaiba,BATALHA,Batalha,2009,,,110.23753424657534,,,365
PARANAIBA,Rio Paranaiba,BATALHA,Batalha,2010,,,81.91835616438357,,,365
PARANAIBA,Rio Paranaiba,BATALHA,Batalha,2011,236.0,236.0,132.4495616438356,,,365
PARANAIBA,Rio Paranaiba,BATALHA,Batalha,2012,104.36461748633879,94.69672131147541,104.3541256830601,0.0,0.0,366
PARANAIBA,Rio Paranaiba,BATALHA,Batalha,2013,113.39219178082192,75.2904109589041,115.30958904109589,41.85197260273972,0.0,365
PARANAIBA,Rio Paranaiba,BATALHA,Batalha,2014,80.0307397260274,97.3917808219178,73.66605479452055,70.10709589041096,24.64,365
PARANAIBA,Rio Paranaiba,BATALHA,Batalha,2015,66.03364383561643,73.25753424657535,67.07873972602741,46.22665753424658,19.59,365
PARANAIBA,Rio Paranaiba,BATALHA,Batalha,2016,43.68748633879782,37.31967213114754,47.608469945355196,42.88863387978142,21.18,366
PARANAIBA,Rio Paranaiba,BATALHA,Batalha,2017,46.37586301369863,42.04657534246575,47.78920547945206,52.105397260273975,27.77,365
PARANAIBA,Rio Paranaiba,BATALHA,Batalha,2018,69.25542465753425,60.67123287671233,74.44175342465753,62.04876712328767,31.55,365
PARANAIBA,Rio Paranaiba,BATALHA,Batalha,2019,57.84024931506849,77.83835616438355,65.91506849315068,52.11035616438356,15.97,365
PARANAIBA,Rio Paranaiba,BATALHA,Batalha,2020,105.0383606557377,98.78142076502732,95.45360655737704,57.52437158469945,19.47,366
PARANAIBA,Rio Paranaiba,BATALHA,Batalha,2021,78.14345234421918,73.08219178082192,70.89071232849315,35.67780822323288,11.75,365
PARANAIBA,Rio Paranaiba,BATALHA,Batalha,2022,75.73915093712611,79.15068493150685,74.45145198743637,55.79378088859663,21.139999389648438,365
PARANAIBA,Rio Paranaiba,BATALHA,Batalha,2023,57.458082170947776,64.68219178082192,56.02482192026426,63.50619139475365,20.18000030517578,365
PARANAIBA,Rio Paranaiba,BATALHA,Batalha,2024,77.34518895198494,59.131147540983605,73.83915283640877,61.54158473926815,21.229999542236328,366
PARANAIBA,Rio Paranaiba,BATALHA,Batalha,2025,88.80987945205479,99.96164383561644,100.97243835616439,76.77487671232878,35.92,365
PARANAIBA,Rio Paranaiba,C. DOURADA,Cachoeira Dourada,2000,1444.7978142076502,1444.8661202185792,1574.5272677595628,,,366
PARANAIBA,Rio Paranaiba,C. DOURADA,Cachoeira Dourada,2001,938.5589041095891,938.1883561643835,991.0898082191782,,,365
PARANAIBA,Rio Paranaiba,C. DOURADA,Cachoeira Dourada,2002,1040.4329041095891,1043.048301369863,1272.3051506849315,,,365
PARANAIBA,Rio Paranaiba,C. DOURADA,Cachoeira Dourada,2003,1352.977616438356,1353.0383561643835,1360.0657808219178,,,365
PARANAIBA,Rio Paranaiba,C. DOURADA,Cachoeira Dourada,2004,1470.2339890710382,1468.0628415300546,1863.2762295081966,,,366
PARANAIBA,Rio Paranaiba,C. DOURADA,Cachoeira Dourada,2005,1607.0863287671234,1609.304109589041,1838.4361095890413,,,365
PARANAIBA,Rio Paranaiba,C. DOURADA,Cachoeira Dourada,2006,2000.5847945205478,1997.6602739726027,2209.08701369863,,,365
PARANAIBA,Rio Paranaiba,C. DOURADA,Cachoeira Dourada,2007,2075.850602739726,2075.6180821917806,1960.8439726027398,,,365
PARANAIBA,Rio Paranaiba,C. DOURADA,Cachoeira Dourada,2008,1536.0706830601093,1538.5204918032787,1647.8506284153004,,,366
PARANAIBA,Rio Paranaiba,C. DOURADA,Cachoeira Dourada,2009,1275.0533424657535,1275.9147397260274,1617.6171506849316,,,365
PARANAIBA,Rio Paranaiba,C. DOURADA,Cachoeira Dourada,2010,1561.4217808219178,1559.66301369863,1220.5364383561644,,,365
PARANAIBA,Rio Paranaiba,C. DOURADA,Cachoeira Dourada,2011,1400.2938082191781,1400.4246575342465,1783.968821917808,,,365
PARANAIBA,Rio Paranaiba,C. DOURADA,Cachoeira Dourada,2012,1714.4831147540983,1715.3524590163934,1381.8298907103824,,,366
PARANAIBA,Rio Paranaiba,C. DOURADA,Cachoeira Dourada,2013,1063.5987671232876,1062.2,1344.6433698630137,,,365
PARANAIBA,Rio Paranaiba,C. DOURADA,Cachoeira Dourada,2014,1231.5628493150684,1232.0684931506848,990.8639999999999,,,365
PARANAIBA,Rio Paranaiba,C. DOURADA,Cachoeira Dourada,2015,896.7334794520547,896.5369863013699,1057.753506849315,,,365
PARANAIBA,Rio Paranaiba,C. DOURADA,Cachoeira Dourada,2016,920.2364480874317,921.24043715847,1010.078825136612,,,366
PARANAIBA,Rio Paranaiba,C. DOURADA,Cachoeira Dourada,2017,857.0820273972603,855.7890410958904,783.1840547945205,,,365
PARANAIBA,Rio Paranaiba,C. DOURADA,Cachoeira Dourada,2018,887.9807397260273,887.0054794520548,1075.7673698630138,,,365
PARANAIBA,Rio Paranaiba,C. DOURADA,Cachoeira Dourada,2019,1110.572205479452,1110.8653150684931,981.6520547945205,,,365
PARANAIBA,Rio Paranaiba,C. DOURADA,Cachoeira Dourada,2020,1247.773825136612,1248.1065573770493,1308.380355191257,,,366
PARANAIBA,Rio Paranaiba,C. DOURADA,Cachoeira Dourada,2021,719.2332871761918,719.1671232876712,918.9678348906576,,,365
PARANAIBA,Rio Paranaiba,C. DOURADA,Cachoeira Dourada,2022,934.0314786728114,935.6328767123288,1243.7441696376018,71.02712306192477,42.119998931884766,365
PARANAIBA,Rio Paranaiba,C. DOURADA,Cachoeira Dourada,2023,777.1531232023892,775.3068217238334,1130.439673102392,62.63104111135822,44.900001525878906,365
PARANAIBA,Rio Paranaiba,C. DOURADA,Cachoeira Dourada,2024,1010.2044335453888,1009.409125656378,1090.407346881804,71.61188517502748,44.349998474121094,366
PARANAIBA,Rio Paranaiba,C. DOURADA,Cachoeira Dourada,2025,792.6556986301371,794.5671232876713,1095.1534246575343,73.38989041095891,53.71,365
PARANAIBA,Rio Paranaiba,CORUMBA,Corumba,2000,390.60382513661204,373.10655737704917,404.1199180327869,53.33245901639344,20.32,366
PARANAIBA,Rio Paranaiba,CORUMBA,Corumba,2001,300.9178082191781,299.72328767123287,318.131698630137,68.97076712328767,38.96,365
PARANAIBA,Rio Paranaiba,CORUMBA,Corumba,2002,364.8963561643836,373.25753424657535,368.724301369863,68.34676712328768,25.88,365
PARANAIBA,Rio Paranaiba,CORUMBA,Corumba,2003,317.1427123287671,322.7041095890411,321.1072328767123,72.07465753424657,39.27,365
PARANAIBA,Rio Paranaiba,CORUMBA,Corumba,2004,609.1687158469946,605.6475409836065,613.3241803278688,77.92775956284153,42.36,366
PARANAIBA,Rio Paranaiba,CORUMBA,Corumba,2005,478.4969315068493,468.213698630137,576.941698630137,70.61394520547945,30.16,365
PARANAIBA,Rio Paranaiba,CORUMBA,Corumba,2006,608.3968219178082,609.5095890410959,627.1912328767123,85.96586301369864,56.61,365
PARANAIBA,Rio Paranaiba,CORUMBA,Corumba,2007,566.5832054794521,584.0191780821917,567.6359178082191,71.20734246575343,32.01,365
PARANAIBA,Rio Paranaiba,CORUMBA,Corumba,2008,427.94928961748633,418.6666666666667,459.7501639344262,72.44199453551913,32.99,366
PARANAIBA,Rio Paranaiba,CORUMBA,Corumba,2009,396.22813698630137,387.4876712328767,408.71989041095895,78.80334246575343,46.31,365
PARANAIBA,Rio Paranaiba,CORUMBA,Corumba,2010,311.7044931506849,321.4849315068493,318.89027397260276,62.8665205479452,12.58,365
PARANAIBA,Rio Paranaiba,CORUMBA,Corumba,2011,432.3913698630137,426.958904109589,434.75893150684936,72.06753424657535,32.48,365
PARANAIBA,Rio Paranaiba,CORUMBA,Corumba,2012,376.37759562841535,393.43715846994536,388.17300546448087,64.27800546448087,20.48,366
PARANAIBA,Rio Paranaiba,CORUMBA,Corumba,2013,396.8358082191781,377.6794520547945,406.08589041095894,72.84408219178083,25.31,365
PARANAIBA,Rio Paranaiba,CORUMBA,Corumba,2014,341.4768219178082,353.8383561643836,350.6273698630137,64.53432876712328,6.64,365
PARANAIBA,Rio Paranaiba,CORUMBA,Corumba,2015,271.22742465753424,278.2958904109589,283.1116712328767,62.93057534246575,7.17,365
PARANAIBA,Rio Paranaiba,CORUMBA,Corumba,2016,231.7427868852459,226.8169398907104,240.39617486338798,56.8761475409836,5.76,366
PARANAIBA,Rio Paranaiba,CORUMBA,Corumba,2017,167.50709589041097,161.72602739726028,186.47671232876712,51.122547945205476,16.18,365
PARANAIBA,Rio Paranaiba,CORUMBA,Corumba,2018,285.006602739726,283.5178082191781,291.92764383561644,66.74342465753425,18.79,365
PARANAIBA,Rio Paranaiba,CORUMBA,Corumba,2019,227.97607671232876,238.4986301369863,237.74794520547945,62.54712328767123,16.03,365
PARANAIBA,Rio Paranaiba,CORUMBA,Corumba,2020,342.45245901639345,342.6338797814208,354.30319672131145,58.97636612021858,6.24,366
PARANAIBA,Rio Paranaiba,CORUMBA,Corumba,2021,288.804712261863,276.9972602739726,307.8244393367671,69.13219179383562,28.32,365
PARANAIBA,Rio Paranaiba,CORUMBA,Corumba,2022,304.52789014006316,308.31780821917806,313.87731519725224,74.13438351774869,32.66999816894531,365
PARANAIBA,Rio Paranaiba,CORUMBA,Corumba,2023,271.76983568374425,278.4356164383562,282.4744653571142,80.77539725630251,26.920000076293945,365
PARANAIBA,Rio Paranaiba,CORUMBA,Corumba,2024,318.1350897902348,298.1256830601093,342.5020768004037,62.10855186962691,16.43000030517578,366
PARANAIBA,Rio Paranaiba,CORUMBA,Corumba,2025,291.01768493150684,305.8821917808219,288.3968219178082,68.65509589041096,16.09,365
PARANAIBA,Rio Paranaiba,CORUMBA-3,Corumba-3,2000,,,146.4124043715847,,,366
PARANAIBA,Rio Paranaiba,CORUMBA-3,Corumba-3,2001,,,116.05454794520548,,,365
PARANAIBA,Rio Paranaiba,CORUMBA-3,Corumba-3,2002,,,134.31506849315068,,,365
PARANAIBA,Rio Paranaiba,CORUMBA-3,Corumba-3,2003,0.0,0.0,117.6054794520548,0.0,0.0,365
PARANAIBA,Rio Paranaiba,CORUMBA-3,Corumba-3,2004,0.0,0.0,220.97267759562843,0.0,0.0,366
PARANAIBA,Rio Paranaiba,CORUMBA-3,Corumba-3,2005,0.0,0.0,164.1150684931507,0.0,0.0,365
PARANAIBA,Rio Paranaiba,CORUMBA-3,Corumba-3,2006,,,199.1068493150685,,,365
PARANAIBA,Rio Paranaiba,CORUMBA-3,Corumba-3,2007,,,171.63561643835615,,,365
PARANAIBA,Rio Paranaiba,CORUMBA-3,Corumba-3,2008,127.80833333333334,97.71254752851712,102.18501945525291,50.97756476683938,0.0,366
PARANAIBA,Rio Paranaiba,CORUMBA-3,Corumba-3,2009,167.38901369863012,166.69701369863014,175.20693150684932,88.02709589041096,60.44,365
PARANAIBA,Rio Paranaiba,CORUMBA-3,Corumba-3,2010,129.3999178082192,131.9850410958904,135.69545205479452,53.10076712328767,13.04,365
PARANAIBA,Rio Paranaiba,CORUMBA-3,Corumba-3,2011,160.58443835616438,164.35260273972602,162.06621917808218,50.95791780821918,6.01,365
PARANAIBA,Rio Paranaiba,CORUMBA-3,Corumba-3,2012,137.7685792349727,136.4153005464481,130.36887978142076,49.0177868852459,4.22,366
PARANAIBA,Rio Paranaiba,CORUMBA-3,Corumba-3,2013,171.2101095890411,170.81698630136987,148.2156712328767,54.00238356164383,23.01,365
PARANAIBA,Rio Paranaiba,CORUMBA-3,Corumba-3,2014,154.7709315068493,154.07123287671232,136.5567123287671,44.17917808219178,16.72,365
PARANAIBA,Rio Paranaiba,CORUMBA-3,Corumba-3,2015,94.67506849315069,97.36679452054794,98.66391780821918,43.42630136986301,6.68,365
PARANAIBA,Rio Paranaiba,CORUMBA-3,Corumba-3,2016,88.13445355191257,86.04907103825137,86.71549180327868,55.99765027322404,6.68,366
PARANAIBA,Rio Paranaiba,CORUMBA-3,Corumba-3,2017,60.930328767123285,59.67750684931507,74.78827397260274,27.724602739726027,3.33,365
PARANAIBA,Rio Paranaiba,CORUMBA-3,Corumba-3,2018,96.04454794520548,97.78082191780823,101.17180821917808,62.464301369863016,12.12,365
PARANAIBA,Rio Paranaiba,CORUMBA-3,Corumba-3,2019,83.93845205479452,84.34879452054795,89.46849315068494,53.90323287671233,13.5,365
PARANAIBA,Rio Paranaiba,CORUMBA-3,Corumba-3,2020,140.91721311475408,141.05245901639344,142.5647267759563,31.125081967213116,1.33,366
PARANAIBA,Rio Paranaiba,CORUMBA-3,Corumba-3,2021,110.97608210969862,108.5068493150685,109.4810682379726,67.0612602870137,21.14,365
PARANAIBA,Rio Paranaiba,CORUMBA-3,Corumba-3,2022,117.5064929857646,119.5095890410959,117.87416412667052,64.15983564298448,22.780000686645508,365
PARANAIBA,Rio Paranaiba,CORUMBA-3,Corumba-3,2023,101.40901395196784,100.65479452054795,101.23994524707533,62.76361627448095,20.440000534057617,365
PARANAIBA,Rio Paranaiba,CORUMBA-3,Corumba-3,2024,126.58553534257608,123.87978142076503,137.1686337371993,45.55469954339533,24.899999618530273,366
PARANAIBA,Rio Paranaiba,CORUMBA-3,Corumba-3,2025,114.72134794520548,117.81369863013698,104.21545205479453,67.5303287671233,24.9,365
PARANAIBA,Rio Paranaiba,CORUMBA-4,Corumba-4,2000,,,119.11882513661202,,,366
PARANAIBA,Rio Paranaiba,CORUMBA-4,Corumba-4,2001,0.0,,94.10969863013699,,,365
PARANAIBA,Rio Paranaiba,CORUMBA-4,Corumba-4,2002,0.0,,108.41095890410959,,,365
PARANAIBA,Rio Paranaiba,CORUMBA-4,Corumba-4,2003,0.0,0.0,95.14246575342466,0.0,0.0,365
PARANAIBA,Rio Paranaiba,CORUMBA-4,Corumba-4,2004,0.0,0.0,177.68579234972677,0.0,0.0,366
PARANAIBA,Rio Paranaiba,CORUMBA-4,Corumba-4,2005,115.23931506849314,21.32082191780822,118.59101369863014,0.08070796460176992,0.0,365
PARANAIBA,Rio Paranaiba,CORUMBA-4,Corumba-4,2006,147.50734246575342,137.1041095890411,151.87775342465753,59.65013698630137,8.87,365
PARANAIBA,Rio Paranaiba,CORUMBA-4,Corumba-4,2007,124.28139726027398,130.5646301369863,128.39068493150685,48.518904109589045,0.0,365
PARANAIBA,Rio Paranaiba,CORUMBA-4,Corumba-4,2008,120.4624043715847,122.79734972677596,124.99431693989071,44.146147540983605,0.0,366
PARANAIBA,Rio Paranaiba,CORUMBA-4,Corumba-4,2009,129.97813698630137,126.45098630136987,134.3235616438356,52.0673698630137,7.75,365
PARANAIBA,Rio Paranaiba,CORUMBA-4,Corumba-4,2010,102.00145205479451,100.55452054794522,106.44591780821918,51.32030136986301,11.86,365
PARANAIBA,Rio Paranaiba,CORUMBA-4,Corumba-4,2011,105.6564109589041,110.0958904109589,110.11942465753424,53.67624657534247,7.2,365
PARANAIBA,Rio Paranaiba,CORUMBA-4,Corumba-4,2012,96.94729508196721,95.53551912568307,101.67289617486338,54.262841530054644,3.68,366
PARANAIBA,Rio Paranaiba,CORUMBA-4,Corumba-4,2013,114.78342465753424,116.2958904109589,119.60539726027397,58.44865753424658,7.38,365
PARANAIBA,Rio Paranaiba,CORUMBA-4,Corumba-4,2014,107.8370410958904,109.8125205479452,112.67509589041097,59.70893150684931,3.68,365
PARANAIBA,Rio Paranaiba,CORUMBA-4,Corumba-4,2015,73.62323287671232,69.24931506849315,78.19276712328767,61.915643835616436,2.76,365
PARANAIBA,Rio Paranaiba,CORUMBA-4,Corumba-4,2016,64.87948087431694,68.81147540983606,69.61693989071038,52.48090163934426,8.83,366
PARANAIBA,Rio Paranaiba,CORUMBA-4,Corumba-4,2017,57.29353424657534,49.56986301369863,62.4187397260274,53.335726027397264,7.18,365
PARANAIBA,Rio Paranaiba,CORUMBA-4,Corumba-4,2018,75.19479452054794,76.9945205479452,79.97534246575343,61.13978082191781,21.81,365
PARANAIBA,Rio Paranaiba,CORUMBA-4,Corumba-4,2019,67.63955616438356,70.03287671232877,72.93150684931507,57.066493150684934,13.94,365
PARANAIBA,Rio Paranaiba,CORUMBA-4,Corumba-4,2020,114.39860655737705,112.67213114754098,119.06890710382514,52.990054644808744,8.1,366
PARANAIBA,Rio Paranaiba,CORUMBA-4,Corumba-4,2021,82.37279453260274,77.28084923728767,87.59295884172603,64.13852054120548,22.86,365
PARANAIBA,Rio Paranaiba,CORUMBA-4,Corumba-4,2022,90.86471192869422,91.52602739726028,95.94375358999592,73.76246570952951,29.049999237060547,365
PARANAIBA,Rio Paranaiba,CORUMBA-4,Corumba-4,2023,75.89610987101516,77.9945205479452,81.0359724123184,82.74838350896965,30.09000015258789,365
PARANAIBA,Rio Paranaiba,CORUMBA-4,Corumba-4,2024,109.50145078877934,96.99453551912568,114.47590129622996,67.39915292250002,33.720001220703125,366
PARANAIBA,Rio Paranaiba,CORUMBA-4,Corumba-4,2025,78.26806301369864,91.46849315068494,83.65624657534246,77.35575342465754,34.77,365
PARANAIBA,Rio Paranaiba,EMBORCACAO,Emborcacao,2000,431.1803278688525,390.5655737704918,440.1731420765027,25.59346994535519,8.63,366
PARANAIBA,Rio Paranaiba,EMBORCACAO,Emborcacao,2001,236.39178082191782,246.54520547945205,244.76424657534247,21.264849315068492,8.27,365
PARANAIBA,Rio Paranaiba,EMBORCACAO,Emborcacao,2002,362.01032876712327,262.7917808219178,372.8495068493151,48.992219178082195,16.89,365
PARANAIBA,Rio Paranaiba,EMBORCACAO,Emborcacao,2003,402.07761643835613,416.27671232876713,413.59569863013695,68.42539726027397,35.81,365
PARANAIBA,Rio Paranaiba,EMBORCACAO,Emborcacao,2004,555.731830601093,432.7235519125683,567.8332240437159,79.57991803278688,36.89,366
PARANAIBA,Rio Paranaiba,EMBORCACAO,Emborcacao,2005,532.2987671232877,544.8074794520548,542.1702465753424,75.93164383561644,44.55,365
PARANAIBA,Rio Paranaiba,EMBORCACAO,Emborcacao,2006,581.3323287671233,597.7616438356164,593.0908493150685,75.1209589041096,47.67,365
PARANAIBA,Rio Paranaiba,EMBORCACAO,Emborcacao,2007,638.6681369863013,715.4817534246575,650.6163287671233,80.5851506849315,40.95,365
PARANAIBA,Rio Paranaiba,EMBORCACAO,Emborcacao,2008,407.19871584699456,368.80054644808746,419.63852459016397,56.919808743169405,36.72,366
PARANAIBA,Rio Paranaiba,EMBORCACAO,Emborcacao,2009,440.28687671232876,426.758904109589,477.3678904109589,67.23594520547945,50.71,365
PARANAIBA,Rio Paranaiba,EMBORCACAO,Emborcacao,2010,265.51216438356164,387.1945205479452,354.745397260274,44.044,22.35,365
PARANAIBA,Rio Paranaiba,EMBORCACAO,Emborcacao,2011,509.5390958904109,345.35890410958905,573.561808219178,59.46183561643836,24.61,365
PARANAIBA,Rio Paranaiba,EMBORCACAO,Emborcacao,2012,478.12303278688523,594.5491803278688,441.7317213114754,68.27773224043716,35.01,366
PARANAIBA,Rio Paranaiba,EMBORCACAO,Emborcacao,2013,308.3518904109589,296.8383561643836,386.71673972602736,39.41046575342466,31.01,365
PARANAIBA,Rio Paranaiba,EMBORCACAO,Emborcacao,2014,300.76693150684935,388.7972602739726,264.3450136986301,32.48290410958904,15.06,365
PARANAIBA,Rio Paranaiba,EMBORCACAO,Emborcacao,2015,281.22460273972604,221.5972602739726,302.223698630137,26.522547945205478,12.48,365
PARANAIBA,Rio Paranaiba,EMBORCACAO,Emborcacao,2016,240.96188524590164,221.08743169398906,250.2778961748634,41.74489071038251,30.99,366
PARANAIBA,Rio Paranaiba,EMBORCACAO,Emborcacao,2017,161.1325205479452,255.76438356164383,193.07235616438356,28.465808219178083,10.25,365
PARANAIBA,Rio Paranaiba,EMBORCACAO,Emborcacao,2018,268.44043835616435,223.13150684931506,291.646301369863,19.396246575342467,12.88,365
PARANAIBA,Rio Paranaiba,EMBORCACAO,Emborcacao,2019,295.9127260273973,341.7150684931507,281.47123287671235,31.98054794520548,12.77,365
PARANAIBA,Rio Paranaiba,EMBORCACAO,Emborcacao,2020,385.7751912568306,403.03699453551917,402.45161202185795,28.049398907103825,7.58,366
PARANAIBA,Rio Paranaiba,EMBORCACAO,Emborcacao,2021,237.77408230380823,190.3368766889315,263.04106852912327,15.514712324,8.72,365
PARANAIBA,Rio Paranaiba,EMBORCACAO,Emborcacao,2022,386.75742555383135,294.37808219178083,420.47432827884205,55.29673972978984,20.360000610351562,365
PARANAIBA,Rio Paranaiba,EMBORCACAO,Emborcacao,2023,269.91591744618876,157.73150684931508,287.53994526275216,72.05224661631127,42.630001068115234,365
PARANAIBA,Rio Paranaiba,EMBORCACAO,Emborcacao,2024,253.01125432624193,381.9617486338798,286.8941262146163,59.38420768383422,31.149999618530273,366
PARANAIBA,Rio Paranaiba,EMBORCACAO,Emborcacao,2025,290.6680575342466,271.1123287671233,348.1841095890411,53.434027397260266,38.66,365
PARANAIBA,Rio Paranaiba,ITUMBIARA,Itumbiara,2000,1408.4011202185793,1352.3387978142077,1480.205655737705,37.74087431693989,11.38,366
PARANAIBA,Rio Paranaiba,ITUMBIARA,Itumbiara,2001,870.4194520547944,862.2767123287671,914.0614520547945,15.933616438356166,4.87,365
PARANAIBA,Rio Paranaiba,ITUMBIARA,Itumbiara,2002,1010.1463013698631,965.9589041095891,1214.0363561643835,59.42742465753424,24.14,365
PARANAIBA,Rio Paranaiba,ITUMBIARA,Itumbiara,2003,1278.0748493150686,1240.8986301369864,1285.2580273972603,69.19271232876713,34.97,365
PARANAIBA,Rio Paranaiba,ITUMBIARA,Itumbiara,2004,1462.4296174863389,1384.4535519125684,1792.4151092896177,83.21868852459016,44.42,366
PARANAIBA,Rio Paranaiba,ITUMBIARA,Itumbiara,2005,1568.4046849315068,1499.0931506849315,1749.266191780822,86.00956164383562,64.08,365
PARANAIBA,Rio Paranaiba,ITUMBIARA,Itumbiara,2006,1786.128794520548,1929.2849315068493,2071.8045479452057,69.64120547945205,21.34,365
PARANAIBA,Rio Paranaiba,ITUMBIARA,Itumbiara,2007,1968.6528493150686,1976.7616438356165,1850.728712328767,81.79032876712328,39.84,365
PARANAIBA,Rio Paranaiba,ITUMBIARA,Itumbiara,2008,1406.398306010929,1438.5382513661202,1533.6834153005464,63.620765027322406,25.28,366
PARANAIBA,Rio Paranaiba,ITUMBIARA,Itumbiara,2009,1412.0963287671232,1207.5972602739726,1514.8337534246573,66.12057534246576,35.68,365
PARANAIBA,Rio Paranaiba,ITUMBIARA,Itumbiara,2010,1211.439315068493,1491.1260273972603,1117.2789589041097,55.81945205479452,8.69,365
PARANAIBA,Rio Paranaiba,ITUMBIARA,Itumbiara,2011,1376.0945205479452,1296.6849315068494,1674.3112328767122,67.66545205479451,16.95,365
PARANAIBA,Rio Paranaiba,ITUMBIARA,Itumbiara,2012,1545.6367759562843,1648.1147540983607,1305.9737704918034,39.51745901639344,9.19,366
PARANAIBA,Rio Paranaiba,ITUMBIARA,Itumbiara,2013,1095.877287671233,990.0301369863014,1258.7808767123288,48.25394520547945,8.59,365
PARANAIBA,Rio Paranaiba,ITUMBIARA,Itumbiara,2014,1101.2312328767123,1191.4438356164383,920.5433424657534,25.90312328767123,11.16,365
PARANAIBA,Rio Paranaiba,ITUMBIARA,Itumbiara,2015,865.8950410958904,826.2630136986302,989.8677808219178,27.692876712328765,10.56,365
PARANAIBA,Rio Paranaiba,ITUMBIARA,Itumbiara,2016,846.974644808743,857.2431693989071,943.2315846994536,41.28540983606557,18.1,366
PARANAIBA,Rio Paranaiba,ITUMBIARA,Itumbiara,2017,790.8908493150684,810.9616438356164,741.1114520547945,24.49523287671233,8.22,365
PARANAIBA,Rio Paranaiba,ITUMBIARA,Itumbiara,2018,883.5236164383562,830.158904109589,1016.8242191780822,38.491068493150685,11.11,365
PARANAIBA,Rio Paranaiba,ITUMBIARA,Itumbiara,2019,983.2811479452055,1036.145205479452,925.5945205479452,29.070109589041095,10.35,365
PARANAIBA,Rio Paranaiba,ITUMBIARA,Itumbiara,2020,1242.791393442623,1268.75956284153,1256.9688797814208,37.24404371584699,2.14,366
PARANAIBA,Rio Paranaiba,ITUMBIARA,Itumbiara,2021,736.6675618143561,665.3013698630137,880.4458346431782,18.47328767019178,9.38,365
PARANAIBA,Rio Paranaiba,ITUMBIARA,Itumbiara,2022,952.6220550955159,876.8712328767124,1196.3310163106005,58.86084917146866,28.399999618530273,365
PARANAIBA,Rio Paranaiba,ITUMBIARA,Itumbiara,2023,819.4967938148812,748.9890410958905,1066.710274725091,84.74572596092747,47.810001373291016,365
PARANAIBA,Rio Paranaiba,ITUMBIARA,Itumbiara,2024,1141.035739002332,1177.983606557377,1047.0266125788455,60.20576495290454,26.530000686645508,366
PARANAIBA,Rio Paranaiba,ITUMBIARA,Itumbiara,2025,989.0835534246575,1081.5945205479452,1046.644191780822,68.82901369863013,32.27,365
PARANAIBA,Rio Paranaiba,MIRANDA,Miranda,2000,418.7371038251366,419.4327868852459,399.65035519125684,75.87674863387979,1.0,366
PARANAIBA,Rio Paranaiba,MIRANDA,Miranda,2001,199.3434520547945,198.32876712328766,219.08539726027396,73.63693150684931,44.59,365
PARANAIBA,Rio Paranaiba,MIRANDA,Miranda,2002,196.12887671232875,206.11780821917807,272.74449315068495,67.48843835616438,37.5,365
PARANAIBA,Rio Paranaiba,MIRANDA,Miranda,2003,323.9899726027397,341.8767123287671,291.9341369863014,65.82095890410959,32.69,365
PARANAIBA,Rio Paranaiba,MIRANDA,Miranda,2004,199.43428961748634,199.275956284153,364.9428142076503,70.1158743169399,42.31,366
PARANAIBA,Rio Paranaiba,MIRANDA,Miranda,2005,278.6843287671233,279.14794520547946,315.65457534246576,65.8187397260274,33.04,365
PARANAIBA,Rio Paranaiba,MIRANDA,Miranda,2006,333.7129863013699,334.7178082191781,372.6342739726028,61.056,25.83,365
PARANAIBA,Rio Paranaiba,MIRANDA,Miranda,2007,439.1384931506849,436.85473972602745,377.52317808219175,73.64002739726027,19.98,365
PARANAIBA,Rio Paranaiba,MIRANDA,Miranda,2008,358.4747267759563,359.1639344262295,383.7051366120218,67.64871584699453,48.59,366
PARANAIBA,Rio Paranaiba,MIRANDA,Miranda,2009,378.7594246575342,379.94602739726025,392.4903835616438,63.17252054794521,32.71,365
PARANAIBA,Rio Paranaiba,MIRANDA,Miranda,2010,357.4116712328767,357.5671232876712,283.45084931506847,63.86504109589042,16.41,365
PARANAIBA,Rio Paranaiba,MIRANDA,Miranda,2011,335.3485753424657,333.71232876712327,375.31997260273977,66.37679452054795,40.95,365
PARANAIBA,Rio Paranaiba,MIRANDA,Miranda,2012,384.8266393442623,385.3251366120219,238.40204918032785,64.1084699453552,26.16,366
PARANAIBA,Rio Paranaiba,MIRANDA,Miranda,2013,231.9436712328767,231.55342465753424,227.16400000000002,61.59410958904109,30.73,365
PARANAIBA,Rio Paranaiba,MIRANDA,Miranda,2014,231.108301369863,231.24931506849316,132.66750684931506,59.83964383561644,46.26,365
PARANAIBA,Rio Paranaiba,MIRANDA,Miranda,2015,200.3385205479452,200.26027397260273,190.8862191780822,65.28120547945205,47.58,365
PARANAIBA,Rio Paranaiba,MIRANDA,Miranda,2016,241.8071857923497,242.13387978142077,236.75901639344264,65.87841530054645,25.51,366
PARANAIBA,Rio Paranaiba,MIRANDA,Miranda,2017,232.45060273972604,230.74520547945207,173.77249315068494,71.60008219178081,33.04,365
PARANAIBA,Rio Paranaiba,MIRANDA,Miranda,2018,189.031397260274,189.20750684931508,199.39364383561642,69.22235616438356,30.73,365
PARANAIBA,Rio Paranaiba,MIRANDA,Miranda,2019,283.9109534246575,283.75068493150684,224.43561643835616,80.7066301369863,49.92,365
PARANAIBA,Rio Paranaiba,MIRANDA,Miranda,2020,331.95038251366117,332.948087431694,269.0801092896175,80.55224043715847,55.6,366
PARANAIBA,Rio Paranaiba,MIRANDA,Miranda,2021,138.63049314983562,139.22465753424657,141.35690378517808,63.572493146904115,48.59,365
PARANAIBA,Rio Paranaiba,MIRANDA,Miranda,2022,208.58219159269987,207.48219178082192,264.3269315954757,81.23172611602365,52.59000015258789,365
PARANAIBA,Rio Paranaiba,MIRANDA,Miranda,2023,214.63602731783095,216.24657534246575,270.25599975585936,75.83323247204088,37.310001373291016,365
PARANAIBA,Rio Paranaiba,MIRANDA,Miranda,2024,293.03698826357316,291.39890710382514,201.59827873355053,67.53549249576089,40.619998931884766,366
PARANAIBA,Rio Paranaiba,MIRANDA,Miranda,2025,259.80949041095886,260.3315068493151,204.86219178082192,77.16728767123288,54.27,365
PARANAIBA,Rio Paranaiba,NOVA PONTE,Nova Ponte,2000,306.56284153005464,331.9890710382514,311.7700819672131,35.58893442622951,13.1,366
PARANAIBA,Rio Paranaiba,NOVA PONTE,Nova Ponte,2001,172.2054794520548,157.23287671232876,176.36128767123287,16.669506849315066,12.34,365
PARANAIBA,Rio Paranaiba,NOVA PONTE,Nova Ponte,2002,216.70147945205477,148.65205479452055,223.19112328767122,46.37569863013699,20.81,365
PARANAIBA,Rio Paranaiba,NOVA PONTE,Nova Ponte,2003,220.9632602739726,260.9808219178082,227.92260273972602,51.09471232876712,27.28,365
PARANAIBA,Rio Paranaiba,NOVA PONTE,Nova Ponte,2004,300.76893442622946,143.91803278688525,308.3537704918033,67.03142076502732,28.78,366
PARANAIBA,Rio Paranaiba,NOVA PONTE,Nova Ponte,2005,240.50260273972603,213.6109589041096,249.29723287671234,88.97690410958904,75.98,365
PARANAIBA,Rio Paranaiba,NOVA PONTE,Nova Ponte,2006,290.21002739726026,261.2,298.9661095890411,92.7222191780822,82.49,365
PARANAIBA,Rio Paranaiba,NOVA PONTE,Nova Ponte,2007,306.9315890410959,379.01399999999995,315.0914246575342,91.10830136986301,69.71,365
PARANAIBA,Rio Paranaiba,NOVA PONTE,Nova Ponte,2008,309.15081967213115,293.12841530054646,317.3585792349727,85.29639344262294,69.37,366
PARANAIBA,Rio Paranaiba,NOVA PONTE,Nova Ponte,2009,319.34967123287674,315.5890410958904,327.96035616438354,90.2554794520548,76.22,365
PARANAIBA,Rio Paranaiba,NOVA PONTE,Nova Ponte,2010,219.46161643835617,303.34520547945203,227.5644383561644,71.98,52.04,365
PARANAIBA,Rio Paranaiba,NOVA PONTE,Nova Ponte,2011,297.2536712328767,265.9698630136986,304.7336438356164,69.45515068493151,52.7,365
PARANAIBA,Rio Paranaiba,NOVA PONTE,Nova Ponte,2012,221.27781420765027,329.94535519125685,228.2557650273224,59.53510928961748,28.83,366
PARANAIBA,Rio Paranaiba,NOVA PONTE,Nova Ponte,2013,211.4772876712329,189.45753424657534,217.21794520547945,36.013424657534244,26.38,365
PARANAIBA,Rio Paranaiba,NOVA PONTE,Nova Ponte,2014,120.43901369863013,196.96438356164384,125.4110684931507,22.17953424657534,9.85,365
PARANAIBA,Rio Paranaiba,NOVA PONTE,Nova Ponte,2015,176.59912328767123,161.34246575342465,182.15753424657535,20.605068493150686,9.99,365
PARANAIBA,Rio Paranaiba,NOVA PONTE,Nova Ponte,2016,222.2471038251366,193.36885245901638,227.70956284153004,31.56065573770492,16.98,366
PARANAIBA,Rio Paranaiba,NOVA PONTE,Nova Ponte,2017,160.84616438356164,197.5917808219178,165.92386301369862,25.093753424657532,11.73,365
PARANAIBA,Rio Paranaiba,NOVA PONTE,Nova Ponte,2018,184.704301369863,151.36438356164385,189.76698630136985,20.154465753424656,14.65,365
PARANAIBA,Rio Paranaiba,NOVA PONTE,Nova Ponte,2019,210.65218630136985,236.51945205479453,216.6876712328767,33.20372602739726,16.68,365
PARANAIBA,Rio Paranaiba,NOVA PONTE,Nova Ponte,2020,254.21625683060108,273.5412021857924,259.465956284153,34.449644808743166,9.99,366
PARANAIBA,Rio Paranaiba,NOVA PONTE,Nova Ponte,2021,128.9532328240274,112.37693172079453,134.2532601513699,13.766273962657534,10.07,365
PARANAIBA,Rio Paranaiba,NOVA PONTE,Nova Ponte,2022,248.8150682109676,166.43561643835616,256.3017540500589,44.56687670145949,16.06999969482422,365
PARANAIBA,Rio Paranaiba,NOVA PONTE,Nova Ponte,2023,253.67934280813557,175.55616438356165,260.63739665828336,70.73912324252194,41.16999816894531,365
PARANAIBA,Rio Paranaiba,NOVA PONTE,Nova Ponte,2024,186.63559319021923,255.10382513661202,193.0874040530679,58.59478162546627,38.5,366
PARANAIBA,Rio Paranaiba,NOVA PONTE,Nova Ponte,2025,186.16993972602742,229.66301369863012,195.83471232876713,49.923506849315075,30.41,365
PARANAIBA,Rio Paranaiba,SAO SIMAO,Sao Simao,2000,2389.398907103825,2328.2934153005467,2538.3771584699452,62.3361475409836,17.27,366
PARANAIBA,Rio Paranaiba,SAO SIMAO,Sao Simao,2001,1657.0904109589042,1673.9369863013699,1727.155397260274,38.97865753424657,11.78,365
PARANAIBA,Rio Paranaiba,SAO SIMAO,Sao Simao,2002,1887.387917808219,1925.109589041096,2141.9895616438353,69.07443835616439,18.71,365
PARANAIBA,Rio Paranaiba,SAO SIMAO,Sao Simao,2003,2183.6909315068497,2081.5095890410958,2213.134684931507,75.41967123287671,14.23,365
PARANAIBA,Rio Paranaiba,SAO SIMAO,Sao Simao,2004,2531.2879781420766,2541.2049180327867,2949.4486612021856,84.89303278688524,62.57,366
PARANAIBA,Rio Paranaiba,SAO SIMAO,Sao Simao,2005,2538.72298630137,2562.873095890411,2790.5424383561644,83.35501369863015,59.24,365
PARANAIBA,Rio Paranaiba,SAO SIMAO,Sao Simao,2006,3247.098,3227.564383561644,3481.3028493150687,70.98580821917808,12.62,365
PARANAIBA,Rio Paranaiba,SAO SIMAO,Sao Simao,2007,3107.4466575342467,3184.234,3016.512328767123,78.83175342465753,23.1,365
PARANAIBA,Rio Paranaiba,SAO SIMAO,Sao Simao,2008,2670.490163934426,2675.5273224043717,2781.7798907103825,71.45707650273225,20.56,366
PARANAIBA,Rio Paranaiba,SAO SIMAO,Sao Simao,2009,2272.512410958904,2202.068493150685,2612.6323287671235,76.41312328767124,17.95,365
PARANAIBA,Rio Paranaiba,SAO SIMAO,Sao Simao,2010,2574.0921369863013,2634.73698630137,2230.089808219178,75.31457534246576,29.27,365
PARANAIBA,Rio Paranaiba,SAO SIMAO,Sao Simao,2011,2436.5491232876716,2357.082191780822,2849.264219178082,78.2113698630137,29.1,365
PARANAIBA,Rio Paranaiba,SAO SIMAO,Sao Simao,2012,2418.441038251366,2497.8387978142077,2110.0484153005464,68.10338797814208,17.27,366
PARANAIBA,Rio Paranaiba,SAO SIMAO,Sao Simao,2013,1893.602191780822,1891.0794520547945,2189.3160547945204,58.443397260273976,19.04,365
PARANAIBA,Rio Paranaiba,SAO SIMAO,Sao Simao,2014,1911.0560547945204,1863.2630136986302,1671.682109589041,28.346849315068493,9.16,365
PARANAIBA,Rio Paranaiba,SAO SIMAO,Sao Simao,2015,1522.9539726027397,1547.1041095890412,1718.4808767123288,41.933150684931505,21.41,365
PARANAIBA,Rio Paranaiba,SAO SIMAO,Sao Simao,2016,1544.86218579235,1542.5601092896175,1661.8974590163934,69.38418032786885,36.64,366
PARANAIBA,Rio Paranaiba,SAO SIMAO,Sao Simao,2017,1401.9595616438355,1392.5479452054794,1363.6123561643835,42.43515068493151,6.88,365
PARANAIBA,Rio Paranaiba,SAO SIMAO,Sao Simao,2018,1692.5746575342466,1735.145205479452,1913.605095890411,58.99753424657534,13.47,365
PARANAIBA,Rio Paranaiba,SAO SIMAO,Sao Simao,2019,1754.0797315068492,1753.041095890411,1679.109589041096,53.32178082191781,12.12,365
PARANAIBA,Rio Paranaiba,SAO SIMAO,Sao Simao,2020,2042.2125409836067,2072.551912568306,2062.7669672131146,54.304890710382516,3.05,366
PARANAIBA,Rio Paranaiba,SAO SIMAO,Sao Simao,2021,1227.9141644170136,1221.0876712328768,1477.0578622480823,17.823808210246575,8.98999977,365
PARANAIBA,Rio Paranaiba,SAO SIMAO,Sao Simao,2022,1592.1827648424123,1565.194520547945,1943.747835007759,39.75246585166617,15.40999984741211,365
PARANAIBA,Rio Paranaiba,SAO SIMAO,Sao Simao,2023,1549.8967164758133,1538.3287671232877,1913.2210705900845,74.22095896054621,30.280000686645508,365
PARANAIBA,Rio Paranaiba,SAO SIMAO,Sao Simao,2024,1833.7610678750962,1787.122950819672,1733.2562536854562,60.61275964747361,36.540000915527344,366
PARANAIBA,Rio Paranaiba,SAO SIMAO,Sao Simao,2025,1691.5273534246576,1743.627397260274,1700.7462739726027,61.31224657534247,17.02,365
TIETE,Rio Tiete,B. BONITA,Barra Bonita,2000,356.1426775956284,315.38502732240437,413.7964207650273,59.7925956284153,20.84,366
TIETE,Rio Tiete,B. BONITA,Barra Bonita,2001,375.70649315068493,369.5810410958904,421.7806027397261,68.2713698630137,44.14,365
TIETE,Rio Tiete,B. BONITA,Barra Bonita,2002,394.7908219178082,406.5178082191781,458.6377260273972,78.15123287671233,49.15,365
TIETE,Rio Tiete,B. BONITA,Barra Bonita,2003,314.44320547945205,316.36986301369865,368.5684657534246,80.04298630136987,48.17,365
TIETE,Rio Tiete,B. BONITA,Barra Bonita,2004,355.67150273224047,352.4535519125683,421.7447540983606,78.5463387978142,54.64,366
TIETE,Rio Tiete,B. BONITA,Barra Bonita,2005,372.78079452054794,382.2191780821918,449.7364657534246,81.63778082191781,50.05,365
TIETE,Rio Tiete,B. BONITA,Barra Bonita,2006,354.738,343.49041095890414,425.9650136986302,70.36054794520548,49.87,365
TIETE,Rio Tiete,B. BONITA,Barra Bonita,2007,385.0607397260274,387.6027397260274,419.24613698630134,78.66120547945205,55.86,365
TIETE,Rio Tiete,B. BONITA,Barra Bonita,2008,363.6171857923497,372.9754098360656,399.74172131147543,79.78199453551912,50.14,366
TIETE,Rio Tiete,B. BONITA,Barra Bonita,2009,465.79531506849315,459.7780821917808,518.975095890411,76.98131506849315,52.23,365
TIETE,Rio Tiete,B. BONITA,Barra Bonita,2010,526.364602739726,516.7671232876712,576.6969315068493,74.29630136986302,51.59,365
TIETE,Rio Tiete,B. BONITA,Barra Bonita,2011,497.98917808219176,516.6465753424658,542.308794520548,80.53761643835617,48.88,365
TIETE,Rio Tiete,B. BONITA,Barra Bonita,2012,424.3996174863388,409.6393442622951,475.4065027322404,76.43598360655737,50.14,366
TIETE,Rio Tiete,B. BONITA,Barra Bonita,2013,410.7454246575342,401.5220547945205,458.11038356164386,85.64021917808219,68.52,365
TIETE,Rio Tiete,B. BONITA,Barra Bonita,2014,184.99052054794518,203.46575342465752,217.4692602739726,71.35926027397261,40.91,365
TIETE,Rio Tiete,B. BONITA,Barra Bonita,2015,330.63156164383565,315.2958904109589,387.3955616438356,82.97186301369862,51.77,365
TIETE,Rio Tiete,B. BONITA,Barra Bonita,2016,500.2835792349727,516.8727049180328,558.6393989071038,78.18904371584699,54.64,366
TIETE,Rio Tiete,B. BONITA,Barra Bonita,2017,411.7247123287671,409.34520547945203,461.56117808219176,77.76317808219179,48.26,365
TIETE,Rio Tiete,B. BONITA,Barra Bonita,2018,289.8194794520548,293.9917808219178,334.28457534246576,74.94101369863014,48.52,365
TIETE,Rio Tiete,B. BONITA,Barra Bonita,2019,342.5956082191781,341.92328767123286,410.73424657534247,72.6278904109589,47.63,365
TIETE,Rio Tiete,B. BONITA,Barra Bonita,2020,303.88937158469946,302.9890710382514,355.93571038251366,74.24254098360656,49.06,366
TIETE,Rio Tiete,B. BONITA,Barra Bonita,2021,208.64416405421917,210.21917808219177,254.60230090084931,54.87550684887671,49.06,365
TIETE,Rio Tiete,B. BONITA,Barra Bonita,2022,269.0942465481693,243.04657534246576,332.15150658594416,80.89753439916323,52.779998779296875,365
TIETE,Rio Tiete,B. BONITA,Barra Bonita,2023,406.75345298035506,428.1506849315069,466.34030159728167,86.34430137529765,56.13999938964844,365
TIETE,Rio Tiete,B. BONITA,Barra Bonita,2024,266.3068030935819,249.37909836065575,314.68694021923295,68.03068300674522,48.70000076293945,366
TIETE,Rio Tiete,B. BONITA,Barra Bonita,2025,267.29896438356167,277.7260273972603,313.80153424657533,83.09232876712329,64.18,365
TIETE,Rio Tiete,BARIRI,Bariri,2000,361.3204918032787,361.3010928961749,463.5984426229508,,,366
TIETE,Rio Tiete,BARIRI,Bariri,2001,424.2132328767123,424.2523835616438,480.99663013698625,,,365
TIETE,Rio Tiete,BARIRI,Bariri,2002,463.06134246575346,462.96438356164384,512.507397260274,,,365
TIETE,Rio Tiete,BARIRI,Bariri,2003,369.380301369863,370.1616438356164,415.14745205479454,,,365
TIETE,Rio Tiete,BARIRI,Bariri,2004,409.68538251366124,409.0409836065574,472.7264754098361,,,366
TIETE,Rio Tiete,BARIRI,Bariri,2005,442.505397260274,442.213698630137,502.40846575342465,,,365
TIETE,Rio Tiete,BARIRI,Bariri,2006,398.77923287671234,399.1287671232877,469.1806849315069,,,365
TIETE,Rio Tiete,BARIRI,Bariri,2007,452.1431506849315,451.83287671232875,476.9849315068493,,,365
TIETE,Rio Tiete,BARIRI,Bariri,2008,427.01262295081966,427.09016393442624,446.3346448087432,,,366
TIETE,Rio Tiete,BARIRI,Bariri,2009,539.8346301369863,539.7369863013698,580.6391780821917,,,365
TIETE,Rio Tiete,BARIRI,Bariri,2010,593.7863561643835,593.7890410958904,649.0601917808219,,,365
TIETE,Rio Tiete,BARIRI,Bariri,2011,611.4901369863013,611.6849315068494,626.9409863013699,,,365
TIETE,Rio Tiete,BARIRI,Bariri,2012,492.4200273224044,492.2841530054645,539.8760928961749,,,366
TIETE,Rio Tiete,BARIRI,Bariri,2013,493.3721369863013,493.27446575342464,529.0083835616439,,,365
TIETE,Rio Tiete,BARIRI,Bariri,2014,249.68610958904108,249.97808219178083,256.8927123287671,,,365
TIETE,Rio Tiete,BARIRI,Bariri,2015,383.58556164383566,383.2739726027397,437.07460273972606,,,365
TIETE,Rio Tiete,BARIRI,Bariri,2016,623.1670218579235,623.5545081967214,642.0072950819673,,,366
TIETE,Rio Tiete,BARIRI,Bariri,2017,488.5950136986301,488.4986301369863,521.9012876712329,,,365
TIETE,Rio Tiete,BARIRI,Bariri,2018,338.6907123287671,338.65205479452055,381.03978082191776,,,365
TIETE,Rio Tiete,BARIRI,Bariri,2019,394.22475616438356,393.9123287671233,459.72054794520545,,,365
TIETE,Rio Tiete,BARIRI,Bariri,2020,353.0954098360656,353.75136612021856,401.7401366120219,,,366
TIETE,Rio Tiete,BARIRI,Bariri,2021,244.22715021183564,244.03561643835616,289.4615884090137,,,365
TIETE,Rio Tiete,BARIRI,Bariri,2022,302.3933427366492,302.6794520547945,380.20041144384095,60.61673995762655,33.09000015258789,365
TIETE,Rio Tiete,BARIRI,Bariri,2023,513.763039659474,513.6109589041096,535.7430696670323,65.02361639362492,19.360000610351562,365
TIETE,Rio Tiete,BARIRI,Bariri,2024,288.4175766283046,288.2645628048422,350.7140167736616,70.12418012149999,40.0099983215332,366
TIETE,Rio Tiete,BARIRI,Bariri,2025,323.62488493150687,323.3342465753425,355.3898904109589,70.05794520547946,39.02,365
TIETE,Rio Tiete,IBITINGA,Ibitinga,2000,444.99885245901635,444.9278142076502,553.611174863388,,,366
TIETE,Rio Tiete,IBITINGA,Ibitinga,2001,488.8949589041096,489.07287671232876,552.0373698630137,,,365
TIETE,Rio Tiete,IBITINGA,Ibitinga,2002,544.1958630136986,544.4082191780822,608.2872876712329,,,365
TIETE,Rio Tiete,IBITINGA,Ibitinga,2003,436.7296712328767,436.33972602739726,497.98432876712326,,,365
TIETE,Rio Tiete,IBITINGA,Ibitinga,2004,486.329043715847,486.6475409836066,566.2725409836065,,,366
TIETE,Rio Tiete,IBITINGA,Ibitinga,2005,519.8818630136986,519.8109589041096,599.0003287671233,,,365
TIETE,Rio Tiete,IBITINGA,Ibitinga,2006,460.2129863013698,460.0712328767123,552.5505753424658,,,365
TIETE,Rio Tiete,IBITINGA,Ibitinga,2007,543.3809315068494,543.3808219178082,587.7185479452055,,,365
TIETE,Rio Tiete,IBITINGA,Ibitinga,2008,498.26486338797815,498.19398907103823,536.0143989071038,,,366
TIETE,Rio Tiete,IBITINGA,Ibitinga,2009,632.8137808219178,632.6712328767123,701.4930410958904,,,365
TIETE,Rio Tiete,IBITINGA,Ibitinga,2010,712.4241643835617,712.1780821917808,786.1275890410959,,,365
TIETE,Rio Tiete,IBITINGA,Ibitinga,2011,752.7932054794521,753.2931506849316,789.8811780821918,,,365
TIETE,Rio Tiete,IBITINGA,Ibitinga,2012,586.915,586.7021857923497,664.4257377049181,,,366
TIETE,Rio Tiete,IBITINGA,Ibitinga,2013,595.4254520547945,595.2465753424658,665.1845753424658,,,365
TIETE,Rio Tiete,IBITINGA,Ibitinga,2014,306.73649315068496,306.8082191780822,332.6276712328767,,,365
TIETE,Rio Tiete,IBITINGA,Ibitinga,2015,449.1343835616438,450.0191780821918,533.2080547945205,,,365
TIETE,Rio Tiete,IBITINGA,Ibitinga,2016,745.4784153005464,744.8095355191256,801.4869945355191,,,366
TIETE,Rio Tiete,IBITINGA,Ibitinga,2017,574.8826301369863,575.0246575342466,638.898794520548,,,365
TIETE,Rio Tiete,IBITINGA,Ibitinga,2018,415.4270410958904,415.7095890410959,470.4321095890411,,,365
TIETE,Rio Tiete,IBITINGA,Ibitinga,2019,471.576506849315,470.7945205479452,553.9041095890411,,,365
TIETE,Rio Tiete,IBITINGA,Ibitinga,2020,426.1273770491803,426.59016393442624,490.9113661202186,,,366
TIETE,Rio Tiete,IBITINGA,Ibitinga,2021,296.2425753801096,296.7013698630137,355.82035614246576,,,365
TIETE,Rio Tiete,IBITINGA,Ibitinga,2022,371.1779449462891,370.4,473.42339648939156,45.36049319358721,0.0,365
TIETE,Rio Tiete,IBITINGA,Ibitinga,2023,613.3224917686149,614.037808227539,668.1273425376579,56.79087657928467,7.849999904632568,365
TIETE,Rio Tiete,IBITINGA,Ibitinga,2024,343.12446967369874,343.1943442756361,420.9867214765705,64.40795080257895,17.700000762939453,366
TIETE,Rio Tiete,IBITINGA,Ibitinga,2025,382.0528876712329,381.413698630137,434.758904109589,64.04753424657534,13.75,365
TIETE,Rio Tiete,N. AVANHANDAVA,Nova Avanhandava,2000,611.8041530054645,612.521912568306,748.575737704918,,,366
TIETE,Rio Tiete,N. AVANHANDAVA,Nova Avanhandava,2001,598.6843287671232,598.5283835616437,696.2525205479452,,,365
TIETE,Rio Tiete,N. AVANHANDAVA,Nova Avanhandava,2002,707.7334520547945,706.7822465753425,777.3659178082191,,,365
TIETE,Rio Tiete,N. AVANHANDAVA,Nova Avanhandava,2003,602.8544657534246,602.5181369863013,670.2303287671233,,,365
TIETE,Rio Tiete,N. AVANHANDAVA,Nova Avanhandava,2004,597.5401912568306,597.6666666666666,703.266393442623,,,366
TIETE,Rio Tiete,N. AVANHANDAVA,Nova Avanhandava,2005,642.5239726027397,643.6657534246575,733.2877808219177,,,365
TIETE,Rio Tiete,N. AVANHANDAVA,Nova Avanhandava,2006,555.0722191780822,554.945205479452,671.0763561643836,,,365
TIETE,Rio Tiete,N. AVANHANDAVA,Nova Avanhandava,2007,716.8529041095891,717.1698630136987,780.8326301369863,,,365
TIETE,Rio Tiete,N. AVANHANDAVA,Nova Avanhandava,2008,634.480218579235,634.1639344262295,682.6891530054645,,,366
TIETE,Rio Tiete,N. AVANHANDAVA,Nova Avanhandava,2009,801.3814246575341,800.4301369863014,909.5781369863014,,,365
TIETE,Rio Tiete,N. AVANHANDAVA,Nova Avanhandava,2010,961.8635342465753,962.1150684931507,1035.1438356164383,,,365
TIETE,Rio Tiete,N. AVANHANDAVA,Nova Avanhandava,2011,984.5512876712328,984.8684931506849,1034.4782465753424,,,365
TIETE,Rio Tiete,N. AVANHANDAVA,Nova Avanhandava,2012,741.6090983606557,741.2295081967213,846.6652185792349,,,366
TIETE,Rio Tiete,N. AVANHANDAVA,Nova Avanhandava,2013,759.3935890410958,760.4718356164383,842.1040273972602,,,365
TIETE,Rio Tiete,N. AVANHANDAVA,Nova Avanhandava,2014,390.1141095890411,394.1095890410959,429.7935342465754,,,365
TIETE,Rio Tiete,N. AVANHANDAVA,Nova Avanhandava,2015,530.7141369863014,526.1479452054795,665.5405753424658,,,365
TIETE,Rio Tiete,N. AVANHANDAVA,Nova Avanhandava,2016,993.9036338797814,994.346393442623,1036.2959016393443,,,366
TIETE,Rio Tiete,N. AVANHANDAVA,Nova Avanhandava,2017,720.378602739726,720.3150684931506,801.5004109589041,,,365
TIETE,Rio Tiete,N. AVANHANDAVA,Nova Avanhandava,2018,535.1773698630137,534.0356164383562,610.0665753424657,,,365
TIETE,Rio Tiete,N. AVANHANDAVA,Nova Avanhandava,2019,550.875904109589,553.0325479452055,655.413698630137,,,365
TIETE,Rio Tiete,N. AVANHANDAVA,Nova Avanhandava,2020,494.05144808743165,494.55737704918033,574.0772950819672,,,366
TIETE,Rio Tiete,N. AVANHANDAVA,Nova Avanhandava,2021,342.495725529863,346.2630136986301,413.1522736010959,,,365
TIETE,Rio Tiete,N. AVANHANDAVA,Nova Avanhandava,2022,386.5932324553189,380.92328767123286,534.2508493919895,77.13630117128973,44.529998779296875,365
TIETE,Rio Tiete,N. AVANHANDAVA,Nova Avanhandava,2023,743.8764929784487,746.4767123287671,807.5423561409729,82.61589042977111,63.15999984741211,365
TIETE,Rio Tiete,N. AVANHANDAVA,Nova Avanhandava,2024,375.3992785677884,376.72756824597633,482.2951910300333,69.36896180324867,56.84000015258789,366
TIETE,Rio Tiete,N. AVANHANDAVA,Nova Avanhandava,2025,446.70636712328763,443.7890410958904,516.365808219178,85.60358904109589,58.42,365
TIETE,Rio Tiete,PROMISSAO,Promissao,2000,579.5332786885245,559.3465300546447,694.4383879781421,51.09207650273224,18.19,366
TIETE,Rio Tiete,PROMISSAO,Promissao,2001,585.4701917808219,567.5855342465753,659.6885479452055,50.92189041095891,28.73,365
TIETE,Rio Tiete,PROMISSAO,Promissao,2002,662.2231506849315,676.4794520547945,727.0608219178082,69.33693150684931,28.27,365
TIETE,Rio Tiete,PROMISSAO,Promissao,2003,564.8462191780822,576.386301369863,618.813397260274,72.06597260273973,29.18,365
TIETE,Rio Tiete,PROMISSAO,Promissao,2004,588.7189617486339,578.6256830601093,663.4669398907104,64.67704918032787,34.63,366
TIETE,Rio Tiete,PROMISSAO,Promissao,2005,618.9347945205479,626.4301369863014,693.9513150684932,71.68706849315068,35.54,365
TIETE,Rio Tiete,PROMISSAO,Promissao,2006,539.7461643835617,531.1479452054795,637.6313424657534,63.34358904109589,30.54,365
TIETE,Rio Tiete,PROMISSAO,Promissao,2007,676.1264383561644,677.7013698630137,726.1583561643836,77.33693150684931,38.06,365
TIETE,Rio Tiete,PROMISSAO,Promissao,2008,588.5782786885246,594.5,641.2910655737705,72.15579234972678,38.98,366
TIETE,Rio Tiete,PROMISSAO,Promissao,2009,764.6416164383562,735.1917808219179,851.2662465753424,82.96682191780822,41.27,365
TIETE,Rio Tiete,PROMISSAO,Promissao,2010,837.0918356164384,865.1452054794521,964.1796438356165,76.46813698630136,29.63,365
TIETE,Rio Tiete,PROMISSAO,Promissao,2011,894.5951506849315,900.9369863013699,965.0924383561644,78.56134246575343,30.76,365
TIETE,Rio Tiete,PROMISSAO,Promissao,2012,691.7712841530055,682.3306010928961,794.9834699453552,67.38642076502732,33.95,366
TIETE,Rio Tiete,PROMISSAO,Promissao,2013,696.1319178082192,701.7420273972602,792.1170136986302,75.15238356164383,35.77,365
TIETE,Rio Tiete,PROMISSAO,Promissao,2014,366.7308219178082,369.2027397260274,402.3101917808219,29.786575342465753,21.09,365
TIETE,Rio Tiete,PROMISSAO,Promissao,2015,531.5101095890411,492.8682191780822,628.1559452054795,74.02580821917807,35.77,365
TIETE,Rio Tiete,PROMISSAO,Promissao,2016,922.9072404371584,960.5205464480874,969.7238797814208,77.34685792349727,36.23,366
TIETE,Rio Tiete,PROMISSAO,Promissao,2017,679.7521369863014,679.1342465753424,755.5830136986301,69.34279452054794,29.63,365
TIETE,Rio Tiete,PROMISSAO,Promissao,2018,502.0175616438356,501.86301369863014,570.3502191780822,59.28679452054794,33.26,365
TIETE,Rio Tiete,PROMISSAO,Promissao,2019,529.8077287671233,526.3616438356164,626.7397260273973,67.24978082191781,30.08,365
TIETE,Rio Tiete,PROMISSAO,Promissao,2020,471.87166666666667,472.55464480874315,550.370519125683,53.61573770491803,29.04,366
TIETE,Rio Tiete,PROMISSAO,Promissao,2021,321.0099724473698,328.8456984848493,396.9524102614795,41.615342478821916,13.93000031,365
TIETE,Rio Tiete,PROMISSAO,Promissao,2022,407.6539995794427,377.9835616438356,517.0669608756288,57.85090404667267,31.350000381469727,365
TIETE,Rio Tiete,PROMISSAO,Promissao,2023,718.2604666304915,733.1643835616438,768.1281088215031,84.08465749662217,47.43000030517578,365
TIETE,Rio Tiete,PROMISSAO,Promissao,2024,380.15336026259456,362.1007650406634,465.4325682426411,64.139753967035,39.88999938964844,366
TIETE,Rio Tiete,PROMISSAO,Promissao,2025,419.54051506849316,427.65479452054797,492.81646575342467,69.67630136986301,40.35,365
TIETE,Rio Tiete,TRES IRMAOS,Tres Irmaos,2000,806.4228415300547,806.4228415300547,806.448387978142,53.28319672131148,9.83,366
TIETE,Rio Tiete,TRES IRMAOS,Tres Irmaos,2001,712.0540821917808,712.0540821917808,742.378602739726,36.215808219178086,24.28,365
TIETE,Rio Tiete,TRES IRMAOS,Tres Irmaos,2002,808.3289589041096,840.4671232876713,852.4275342465753,75.54101369863014,47.15,365
TIETE,Rio Tiete,TRES IRMAOS,Tres Irmaos,2003,731.2375068493151,729.2654520547945,742.1683561643836,75.21934246575343,44.55,365
TIETE,Rio Tiete,TRES IRMAOS,Tres Irmaos,2004,610.5724043715848,602.6379508196721,762.7691530054645,75.86426229508197,46.95,366
TIETE,Rio Tiete,TRES IRMAOS,Tres Irmaos,2005,611.4361643835617,605.172602739726,805.2189863013698,70.26783561643835,45.95,365
TIETE,Rio Tiete,TRES IRMAOS,Tres Irmaos,2006,764.9800821917808,767.3756438356164,735.3566301369863,68.13380821917808,47.75,365
TIETE,Rio Tiete,TRES IRMAOS,Tres Irmaos,2007,698.1128219178082,704.770301369863,845.7572054794521,71.79838356164383,45.75,365
TIETE,Rio Tiete,TRES IRMAOS,Tres Irmaos,2008,782.5482513661201,770.9699453551913,745.8829781420765,72.5394262295082,46.75,366
TIETE,Rio Tiete,TRES IRMAOS,Tres Irmaos,2009,941.2464931506848,942.5972602739726,928.928794520548,70.46273972602741,50.16,365
TIETE,Rio Tiete,TRES IRMAOS,Tres Irmaos,2010,1047.3965479452054,1044.676712328767,1071.327780821918,70.62706849315069,49.15,365
TIETE,Rio Tiete,TRES IRMAOS,Tres Irmaos,2011,1143.9878356164384,1154.958904109589,1076.034493150685,77.5405205479452,47.75,365
TIETE,Rio Tiete,TRES IRMAOS,Tres Irmaos,2012,1026.0067486338799,1021.6366120218579,873.8278142076502,68.17967213114754,49.35,366
TIETE,Rio Tiete,TRES IRMAOS,Tres Irmaos,2013,879.0810958904109,555.6082191780822,865.6428767123289,72.17454794520548,53.59,365
TIETE,Rio Tiete,TRES IRMAOS,Tres Irmaos,2014,383.47887671232877,411.03287671232874,444.96301369863016,16.34827397260274,0.0,365
TIETE,Rio Tiete,TRES IRMAOS,Tres Irmaos,2015,469.2069315068493,424.4931506849315,685.0476438356164,0.0,0.0,365
TIETE,Rio Tiete,TRES IRMAOS,Tres Irmaos,2016,1191.8576502732242,874.5191256830601,1064.9995901639343,79.3248087431694,0.0,366
TIETE,Rio Tiete,TRES IRMAOS,Tres Irmaos,2017,950.6689589041096,716.254794520548,827.830602739726,72.056,49.55,365
TIETE,Rio Tiete,TRES IRMAOS,Tres Irmaos,2018,746.4889589041095,594.8862465753425,637.2604109589041,78.69772602739725,48.75,365
TIETE,Rio Tiete,TRES IRMAOS,Tres Irmaos,2019,676.4607671232876,610.0511506849315,676.0986301369863,70.3369589041096,50.16,365
TIETE,Rio Tiete,TRES IRMAOS,Tres Irmaos,2020,622.2034972677596,642.9535519125683,589.5588524590164,60.8022131147541,46.35,366
TIETE,Rio Tiete,TRES IRMAOS,Tres Irmaos,2021,420.3553978346301,331.591698630137,428.94523327934246,34.66230136953425,0.0,365
TIETE,Rio Tiete,TRES IRMAOS,Tres Irmaos,2022,427.77641122243176,186.6958904109589,545.5932325389288,51.80172612895704,0.0,365
TIETE,Rio Tiete,TRES IRMAOS,Tres Irmaos,2023,932.4851480980442,681.4602739726027,831.1892867414919,77.92753445350961,52.97999954223633,365
TIETE,Rio Tiete,TRES IRMAOS,Tres Irmaos,2024,535.8749020764085,529.5546448087432,487.4648083546123,71.44245927320803,55.209999084472656,366
TIETE,Rio Tiete,TRES IRMAOS,Tres Irmaos,2025,660.8598356164383,582.1808219178082,538.652301369863,65.71638356164384,55.82,365
